{
  "version" : "4.0.0",
  "gauges" : {
    "jenkins.executor.count.value" : {
      "value" : 2
    },
    "jenkins.executor.free.value" : {
      "value" : 2
    },
    "jenkins.executor.in-use.value" : {
      "value" : 0
    },
    "jenkins.health-check.count" : {
      "value" : 4
    },
    "jenkins.health-check.inverse-score" : {
      "value" : 0.0
    },
    "jenkins.health-check.score" : {
      "value" : 1.0
    },
    "jenkins.job.averageDepth" : {
      "value" : 0.0
    },
    "jenkins.job.count.value" : {
      "value" : 0
    },
    "jenkins.node.count.value" : {
      "value" : 1
    },
    "jenkins.node.offline.value" : {
      "value" : 0
    },
    "jenkins.node.online.value" : {
      "value" : 1
    },
    "jenkins.plugins.active" : {
      "value" : 114
    },
    "jenkins.plugins.failed" : {
      "value" : 0
    },
    "jenkins.plugins.inactive" : {
      "value" : 0
    },
    "jenkins.plugins.withUpdate" : {
      "value" : 0
    },
    "jenkins.project.count.value" : {
      "value" : 0
    },
    "jenkins.project.disabled.count.value" : {
      "value" : 0
    },
    "jenkins.project.enabled.count.value" : {
      "value" : 0
    },
    "jenkins.queue.blocked.value" : {
      "value" : 0
    },
    "jenkins.queue.buildable.value" : {
      "value" : 0
    },
    "jenkins.queue.pending.value" : {
      "value" : 0
    },
    "jenkins.queue.size.value" : {
      "value" : 0
    },
    "jenkins.queue.stuck.value" : {
      "value" : 0
    },
    "jenkins.versions.core" : {
      "value" : "2.332.3.4"
    },
    "jenkins.versions.plugin.apache-httpcomponents-client-4-api" : {
      "value" : "4.5.13-1.0"
    },
    "jenkins.versions.plugin.blueocean-commons" : {
      "value" : "1.25.4"
    },
    "jenkins.versions.plugin.bootstrap4-api" : {
      "value" : "4.6.0-3"
    },
    "jenkins.versions.plugin.bootstrap5-api" : {
      "value" : "5.1.3-6"
    },
    "jenkins.versions.plugin.bouncycastle-api" : {
      "value" : "2.25"
    },
    "jenkins.versions.plugin.caffeine-api" : {
      "value" : "2.9.2-29.v717aac953ff3"
    },
    "jenkins.versions.plugin.checks-api" : {
      "value" : "1.7.2"
    },
    "jenkins.versions.plugin.cloudbees-administrative-monitors" : {
      "value" : "1.0.3"
    },
    "jenkins.versions.plugin.cloudbees-analytics" : {
      "value" : "1.41"
    },
    "jenkins.versions.plugin.cloudbees-assurance" : {
      "value" : "2.276.0.18"
    },
    "jenkins.versions.plugin.cloudbees-blueocean-default-theme" : {
      "value" : "0.8"
    },
    "jenkins.versions.plugin.cloudbees-folder" : {
      "value" : "6.714.v79e858ef76a_2"
    },
    "jenkins.versions.plugin.cloudbees-folders-plus" : {
      "value" : "3.26"
    },
    "jenkins.versions.plugin.cloudbees-license" : {
      "value" : "9.64"
    },
    "jenkins.versions.plugin.cloudbees-platform-common" : {
      "value" : "1.17"
    },
    "jenkins.versions.plugin.cloudbees-uc-data-api" : {
      "value" : "4.50"
    },
    "jenkins.versions.plugin.cloudbees-unified-ui" : {
      "value" : "1.21"
    },
    "jenkins.versions.plugin.command-launcher" : {
      "value" : "1.6"
    },
    "jenkins.versions.plugin.credentials" : {
      "value" : "1087.1089.v2f1b_9a_b_040e4"
    },
    "jenkins.versions.plugin.display-url-api" : {
      "value" : "2.3.6"
    },
    "jenkins.versions.plugin.echarts-api" : {
      "value" : "5.3.0-2"
    },
    "jenkins.versions.plugin.font-awesome-api" : {
      "value" : "6.0.0-1"
    },
    "jenkins.versions.plugin.jackson2-api" : {
      "value" : "2.13.2.20220328-273.v11d70a_b_a_1a_52"
    },
    "jenkins.versions.plugin.javax-activation-api" : {
      "value" : "1.2.0-2"
    },
    "jenkins.versions.plugin.javax-mail-api" : {
      "value" : "1.6.2-5"
    },
    "jenkins.versions.plugin.jaxb" : {
      "value" : "2.3.0.1"
    },
    "jenkins.versions.plugin.jdk-tool" : {
      "value" : "1.5"
    },
    "jenkins.versions.plugin.jjwt-api" : {
      "value" : "0.11.2-9.c8b45b8bb173"
    },
    "jenkins.versions.plugin.jquery3-api" : {
      "value" : "3.6.0-2"
    },
    "jenkins.versions.plugin.junit" : {
      "value" : "1.53"
    },
    "jenkins.versions.plugin.mailer" : {
      "value" : "408.vd726a_1130320"
    },
    "jenkins.versions.plugin.mapdb-api" : {
      "value" : "1.0.9.0"
    },
    "jenkins.versions.plugin.metrics" : {
      "value" : "4.1.6.1"
    },
    "jenkins.versions.plugin.nectar-license" : {
      "value" : "8.39"
    },
    "jenkins.versions.plugin.nectar-rbac" : {
      "value" : "5.69"
    },
    "jenkins.versions.plugin.okhttp-api" : {
      "value" : "4.9.2-20211102"
    },
    "jenkins.versions.plugin.operations-center-agent" : {
      "value" : "2.332.0.1"
    },
    "jenkins.versions.plugin.operations-center-client" : {
      "value" : "2.332.0.1"
    },
    "jenkins.versions.plugin.operations-center-context" : {
      "value" : "2.332.0.5"
    },
    "jenkins.versions.plugin.plugin-util-api" : {
      "value" : "2.16.0"
    },
    "jenkins.versions.plugin.popper-api" : {
      "value" : "1.16.1-2"
    },
    "jenkins.versions.plugin.popper2-api" : {
      "value" : "2.11.5-1"
    },
    "jenkins.versions.plugin.scm-api" : {
      "value" : "595.vd5a_df5eb_0e39"
    },
    "jenkins.versions.plugin.script-security" : {
      "value" : "1145.1148.vf6d17a_a_a_eef6"
    },
    "jenkins.versions.plugin.snakeyaml-api" : {
      "value" : "1.29.1"
    },
    "jenkins.versions.plugin.sshd" : {
      "value" : "3.1.0"
    },
    "jenkins.versions.plugin.structs" : {
      "value" : "308.v852b473a2b8c"
    },
    "jenkins.versions.plugin.support-core" : {
      "value" : "1148.vedff8cb_56a_da_"
    },
    "jenkins.versions.plugin.token-macro" : {
      "value" : "285.vff7645a_56ff0"
    },
    "jenkins.versions.plugin.trilead-api" : {
      "value" : "1.57.v6e90e07157e1"
    },
    "jenkins.versions.plugin.user-activity-monitoring" : {
      "value" : "1.5"
    },
    "jenkins.versions.plugin.variant" : {
      "value" : "1.4"
    },
    "jenkins.versions.plugin.workflow-api" : {
      "value" : "1143.v2d42f1e9dea_5"
    },
    "jenkins.versions.plugin.workflow-step-api" : {
      "value" : "622.vb_8e7c15b_c95a_"
    },
    "jenkins.versions.plugin.workflow-support" : {
      "value" : "817.v58126df57338"
    },
    "system.cpu.load" : {
      "value" : 1.09
    },
    "vm.blocked.count" : {
      "value" : 0
    },
    "vm.class.loaded" : {
      "value" : 19744
    },
    "vm.class.unloaded" : {
      "value" : 2
    },
    "vm.count" : {
      "value" : 64
    },
    "vm.cpu.load" : {
      "value" : 0.6006531373921157
    },
    "vm.daemon.count" : {
      "value" : 40
    },
    "vm.deadlock.count" : {
      "value" : 0
    },
    "vm.deadlocks" : {
      "value" : [ ]
    },
    "vm.file.descriptor.ratio" : {
      "value" : 0.05859375
    },
    "vm.gc.PS-MarkSweep.count" : {
      "value" : 4
    },
    "vm.gc.PS-MarkSweep.time" : {
      "value" : 1153
    },
    "vm.gc.PS-Scavenge.count" : {
      "value" : 64
    },
    "vm.gc.PS-Scavenge.time" : {
      "value" : 907
    },
    "vm.memory.heap.committed" : {
      "value" : 741867520
    },
    "vm.memory.heap.init" : {
      "value" : 115343360
    },
    "vm.memory.heap.max" : {
      "value" : 1623719936
    },
    "vm.memory.heap.usage" : {
      "value" : 0.28888727273716247
    },
    "vm.memory.heap.used" : {
      "value" : 469072024
    },
    "vm.memory.non-heap.committed" : {
      "value" : 167903232
    },
    "vm.memory.non-heap.init" : {
      "value" : 2555904
    },
    "vm.memory.non-heap.max" : {
      "value" : -1
    },
    "vm.memory.non-heap.usage" : {
      "value" : -1.5702144E8
    },
    "vm.memory.non-heap.used" : {
      "value" : 157021440
    },
    "vm.memory.pools.Code-Cache.committed" : {
      "value" : 36831232
    },
    "vm.memory.pools.Code-Cache.init" : {
      "value" : 2555904
    },
    "vm.memory.pools.Code-Cache.max" : {
      "value" : 251658240
    },
    "vm.memory.pools.Code-Cache.usage" : {
      "value" : 0.14466451009114584
    },
    "vm.memory.pools.Code-Cache.used" : {
      "value" : 36406720
    },
    "vm.memory.pools.Compressed-Class-Space.committed" : {
      "value" : 15859712
    },
    "vm.memory.pools.Compressed-Class-Space.init" : {
      "value" : 0
    },
    "vm.memory.pools.Compressed-Class-Space.max" : {
      "value" : 1073741824
    },
    "vm.memory.pools.Compressed-Class-Space.usage" : {
      "value" : 0.012684494256973267
    },
    "vm.memory.pools.Compressed-Class-Space.used" : {
      "value" : 13619872
    },
    "vm.memory.pools.Metaspace.committed" : {
      "value" : 115212288
    },
    "vm.memory.pools.Metaspace.init" : {
      "value" : 0
    },
    "vm.memory.pools.Metaspace.max" : {
      "value" : -1
    },
    "vm.memory.pools.Metaspace.usage" : {
      "value" : 0.9287082988925626
    },
    "vm.memory.pools.Metaspace.used" : {
      "value" : 106998608
    },
    "vm.memory.pools.PS-Eden-Space.committed" : {
      "value" : 548929536
    },
    "vm.memory.pools.PS-Eden-Space.init" : {
      "value" : 28835840
    },
    "vm.memory.pools.PS-Eden-Space.max" : {
      "value" : 558891008
    },
    "vm.memory.pools.PS-Eden-Space.usage" : {
      "value" : 0.6015601095518073
    },
    "vm.memory.pools.PS-Eden-Space.used" : {
      "value" : 336206536
    },
    "vm.memory.pools.PS-Eden-Space.used-after-gc" : {
      "value" : 0
    },
    "vm.memory.pools.PS-Old-Gen.committed" : {
      "value" : 173015040
    },
    "vm.memory.pools.PS-Old-Gen.init" : {
      "value" : 77070336
    },
    "vm.memory.pools.PS-Old-Gen.max" : {
      "value" : 1217921024
    },
    "vm.memory.pools.PS-Old-Gen.usage" : {
      "value" : 0.0927432483503955
    },
    "vm.memory.pools.PS-Old-Gen.used" : {
      "value" : 112953952
    },
    "vm.memory.pools.PS-Old-Gen.used-after-gc" : {
      "value" : 95790728
    },
    "vm.memory.pools.PS-Survivor-Space.committed" : {
      "value" : 19922944
    },
    "vm.memory.pools.PS-Survivor-Space.init" : {
      "value" : 4718592
    },
    "vm.memory.pools.PS-Survivor-Space.max" : {
      "value" : 19922944
    },
    "vm.memory.pools.PS-Survivor-Space.usage" : {
      "value" : 0.9994273938630757
    },
    "vm.memory.pools.PS-Survivor-Space.used" : {
      "value" : 19911536
    },
    "vm.memory.pools.PS-Survivor-Space.used-after-gc" : {
      "value" : 19911536
    },
    "vm.memory.total.committed" : {
      "value" : 909770752
    },
    "vm.memory.total.init" : {
      "value" : 117899264
    },
    "vm.memory.total.max" : {
      "value" : 1623719935
    },
    "vm.memory.total.used" : {
      "value" : 626145136
    },
    "vm.new.count" : {
      "value" : 0
    },
    "vm.runnable.count" : {
      "value" : 14
    },
    "vm.terminated.count" : {
      "value" : 0
    },
    "vm.timed_waiting.count" : {
      "value" : 27
    },
    "vm.uptime.milliseconds" : {
      "value" : 213517
    },
    "vm.waiting.count" : {
      "value" : 23
    }
  },
  "counters" : {
    "http.activeRequests" : {
      "count" : 0
    }
  },
  "histograms" : {
    "jenkins.executor.count.history" : {
      "count" : 12,
      "max" : 2,
      "mean" : 1.9999999999999998,
      "min" : 2,
      "p50" : 2.0,
      "p75" : 2.0,
      "p95" : 2.0,
      "p98" : 2.0,
      "p99" : 2.0,
      "p999" : 2.0,
      "values" : [ 2, 2, 2, 2, 2, 2, 2, 2, 2, 2, 2, 2 ],
      "stddev" : 2.2204460492503128E-16
    },
    "jenkins.executor.free.history" : {
      "count" : 12,
      "max" : 2,
      "mean" : 2.0,
      "min" : 2,
      "p50" : 2.0,
      "p75" : 2.0,
      "p95" : 2.0,
      "p98" : 2.0,
      "p99" : 2.0,
      "p999" : 2.0,
      "values" : [ 2, 2, 2, 2, 2, 2, 2, 2, 2, 2, 2, 2 ],
      "stddev" : 0.0
    },
    "jenkins.executor.in-use.history" : {
      "count" : 12,
      "max" : 0,
      "mean" : 0.0,
      "min" : 0,
      "p50" : 0.0,
      "p75" : 0.0,
      "p95" : 0.0,
      "p98" : 0.0,
      "p99" : 0.0,
      "p999" : 0.0,
      "values" : [ 0, 0, 0, 0, 0, 0, 0, 0, 0, 0, 0, 0 ],
      "stddev" : 0.0
    },
    "jenkins.job.count.history" : {
      "count" : 12,
      "max" : 0,
      "mean" : 0.0,
      "min" : 0,
      "p50" : 0.0,
      "p75" : 0.0,
      "p95" : 0.0,
      "p98" : 0.0,
      "p99" : 0.0,
      "p999" : 0.0,
      "values" : [ 0, 0, 0, 0, 0, 0, 0, 0, 0, 0, 0, 0 ],
      "stddev" : 0.0
    },
    "jenkins.node.count.history" : {
      "count" : 12,
      "max" : 1,
      "mean" : 1.0,
      "min" : 1,
      "p50" : 1.0,
      "p75" : 1.0,
      "p95" : 1.0,
      "p98" : 1.0,
      "p99" : 1.0,
      "p999" : 1.0,
      "values" : [ 1, 1, 1, 1, 1, 1, 1, 1, 1, 1, 1, 1 ],
      "stddev" : 0.0
    },
    "jenkins.node.offline.history" : {
      "count" : 12,
      "max" : 0,
      "mean" : 0.0,
      "min" : 0,
      "p50" : 0.0,
      "p75" : 0.0,
      "p95" : 0.0,
      "p98" : 0.0,
      "p99" : 0.0,
      "p999" : 0.0,
      "values" : [ 0, 0, 0, 0, 0, 0, 0, 0, 0, 0, 0, 0 ],
      "stddev" : 0.0
    },
    "jenkins.node.online.history" : {
      "count" : 12,
      "max" : 1,
      "mean" : 1.0,
      "min" : 1,
      "p50" : 1.0,
      "p75" : 1.0,
      "p95" : 1.0,
      "p98" : 1.0,
      "p99" : 1.0,
      "p999" : 1.0,
      "values" : [ 1, 1, 1, 1, 1, 1, 1, 1, 1, 1, 1, 1 ],
      "stddev" : 0.0
    },
    "jenkins.project.count.history" : {
      "count" : 12,
      "max" : 0,
      "mean" : 0.0,
      "min" : 0,
      "p50" : 0.0,
      "p75" : 0.0,
      "p95" : 0.0,
      "p98" : 0.0,
      "p99" : 0.0,
      "p999" : 0.0,
      "values" : [ 0, 0, 0, 0, 0, 0, 0, 0, 0, 0, 0, 0 ],
      "stddev" : 0.0
    },
    "jenkins.project.disabled.count.history" : {
      "count" : 12,
      "max" : 0,
      "mean" : 0.0,
      "min" : 0,
      "p50" : 0.0,
      "p75" : 0.0,
      "p95" : 0.0,
      "p98" : 0.0,
      "p99" : 0.0,
      "p999" : 0.0,
      "values" : [ 0, 0, 0, 0, 0, 0, 0, 0, 0, 0, 0, 0 ],
      "stddev" : 0.0
    },
    "jenkins.project.enabled.count.history" : {
      "count" : 12,
      "max" : 0,
      "mean" : 0.0,
      "min" : 0,
      "p50" : 0.0,
      "p75" : 0.0,
      "p95" : 0.0,
      "p98" : 0.0,
      "p99" : 0.0,
      "p999" : 0.0,
      "values" : [ 0, 0, 0, 0, 0, 0, 0, 0, 0, 0, 0, 0 ],
      "stddev" : 0.0
    },
    "jenkins.queue.blocked.history" : {
      "count" : 12,
      "max" : 0,
      "mean" : 0.0,
      "min" : 0,
      "p50" : 0.0,
      "p75" : 0.0,
      "p95" : 0.0,
      "p98" : 0.0,
      "p99" : 0.0,
      "p999" : 0.0,
      "values" : [ 0, 0, 0, 0, 0, 0, 0, 0, 0, 0, 0, 0 ],
      "stddev" : 0.0
    },
    "jenkins.queue.buildable.history" : {
      "count" : 12,
      "max" : 0,
      "mean" : 0.0,
      "min" : 0,
      "p50" : 0.0,
      "p75" : 0.0,
      "p95" : 0.0,
      "p98" : 0.0,
      "p99" : 0.0,
      "p999" : 0.0,
      "values" : [ 0, 0, 0, 0, 0, 0, 0, 0, 0, 0, 0, 0 ],
      "stddev" : 0.0
    },
    "jenkins.queue.pending.history" : {
      "count" : 12,
      "max" : 0,
      "mean" : 0.0,
      "min" : 0,
      "p50" : 0.0,
      "p75" : 0.0,
      "p95" : 0.0,
      "p98" : 0.0,
      "p99" : 0.0,
      "p999" : 0.0,
      "values" : [ 0, 0, 0, 0, 0, 0, 0, 0, 0, 0, 0, 0 ],
      "stddev" : 0.0
    },
    "jenkins.queue.size.history" : {
      "count" : 12,
      "max" : 0,
      "mean" : 0.0,
      "min" : 0,
      "p50" : 0.0,
      "p75" : 0.0,
      "p95" : 0.0,
      "p98" : 0.0,
      "p99" : 0.0,
      "p999" : 0.0,
      "values" : [ 0, 0, 0, 0, 0, 0, 0, 0, 0, 0, 0, 0 ],
      "stddev" : 0.0
    },
    "jenkins.queue.stuck.history" : {
      "count" : 12,
      "max" : 0,
      "mean" : 0.0,
      "min" : 0,
      "p50" : 0.0,
      "p75" : 0.0,
      "p95" : 0.0,
      "p98" : 0.0,
      "p99" : 0.0,
      "p999" : 0.0,
      "values" : [ 0, 0, 0, 0, 0, 0, 0, 0, 0, 0, 0, 0 ],
      "stddev" : 0.0
    },
    "jenkins.servlet.container.active" : {
      "count" : 3,
      "max" : 1,
      "mean" : 0.19888958763224454,
      "min" : 0,
      "p50" : 0.0,
      "p75" : 0.0,
      "p95" : 1.0,
      "p98" : 1.0,
      "p99" : 1.0,
      "p999" : 1.0,
      "values" : [ 0, 0, 1 ],
      "stddev" : 0.39916477745878365
    },
    "jenkins.servlet.container.threadsCounter" : {
      "count" : 3,
      "max" : 66,
      "mean" : 61.90241146445837,
      "min" : 56,
      "p50" : 64.0,
      "p75" : 64.0,
      "p95" : 66.0,
      "p98" : 66.0,
      "p99" : 66.0,
      "p999" : 66.0,
      "values" : [ 56, 64, 66 ],
      "stddev" : 4.044579381411895
    },
    "jenkins.servlet.container.workers" : {
      "count" : 3,
      "max" : 9,
      "mean" : 8.801110412367755,
      "min" : 8,
      "p50" : 9.0,
      "p75" : 9.0,
      "p95" : 9.0,
      "p98" : 9.0,
      "p99" : 9.0,
      "p999" : 9.0,
      "values" : [ 8, 9, 9 ],
      "stddev" : 0.39916477745878365
    },
    "jenkins.servlet.container.workersStatusBlocked" : {
      "count" : 3,
      "max" : 0,
      "mean" : 0.0,
      "min" : 0,
      "p50" : 0.0,
      "p75" : 0.0,
      "p95" : 0.0,
      "p98" : 0.0,
      "p99" : 0.0,
      "p999" : 0.0,
      "values" : [ 0, 0, 0 ],
      "stddev" : 0.0
    },
    "jenkins.servlet.container.workersStatusTimeWait" : {
      "count" : 3,
      "max" : 8,
      "mean" : 7.8011104123677555,
      "min" : 7,
      "p50" : 8.0,
      "p75" : 8.0,
      "p95" : 8.0,
      "p98" : 8.0,
      "p99" : 8.0,
      "p999" : 8.0,
      "values" : [ 7, 8, 8 ],
      "stddev" : 0.39916477745878365
    },
    "system.cpu.load.x100.history" : {
      "count" : 12,
      "max" : 169,
      "mean" : 108.70090324275208,
      "min" : 59,
      "p50" : 111.0,
      "p75" : 122.0,
      "p95" : 133.0,
      "p98" : 153.0,
      "p99" : 169.0,
      "p999" : 169.0,
      "values" : [ 59, 76, 80, 83, 93, 111, 119, 120, 122, 133, 153, 169 ],
      "stddev" : 23.763628057734927
    },
    "system.cpu.load.x100.window.15m" : {
      "count" : 12,
      "max" : 169,
      "mean" : 109.83333333333333,
      "min" : 59,
      "p50" : 115.0,
      "p75" : 130.25,
      "p95" : 169.0,
      "p98" : 169.0,
      "p99" : 169.0,
      "p999" : 169.0,
      "values" : [ 59, 76, 80, 83, 93, 111, 119, 120, 122, 133, 153, 169 ],
      "stddev" : 32.83521760475352
    },
    "system.cpu.load.x100.window.1h" : {
      "count" : 12,
      "max" : 169,
      "mean" : 109.83333333333333,
      "min" : 59,
      "p50" : 115.0,
      "p75" : 130.25,
      "p95" : 169.0,
      "p98" : 169.0,
      "p99" : 169.0,
      "p999" : 169.0,
      "values" : [ 59, 76, 80, 83, 93, 111, 119, 120, 122, 133, 153, 169 ],
      "stddev" : 32.83521760475352
    },
    "system.cpu.load.x100.window.5m" : {
      "count" : 12,
      "max" : 169,
      "mean" : 109.83333333333333,
      "min" : 59,
      "p50" : 115.0,
      "p75" : 130.25,
      "p95" : 169.0,
      "p98" : 169.0,
      "p99" : 169.0,
      "p999" : 169.0,
      "values" : [ 59, 76, 80, 83, 93, 111, 119, 120, 122, 133, 153, 169 ],
      "stddev" : 32.83521760475352
    },
    "vm.cpu.load.x100.history" : {
      "count" : 12,
      "max" : 126,
      "mean" : 39.59018536823772,
      "min" : 1,
      "p50" : 29.0,
      "p75" : 55.0,
      "p95" : 99.0,
      "p98" : 99.0,
      "p99" : 126.0,
      "p999" : 126.0,
      "values" : [ 1, 1, 1, 1, 20, 29, 44, 55, 58, 58, 99, 126 ],
      "stddev" : 30.95572234933227
    },
    "vm.cpu.load.x100.window.15m" : {
      "count" : 12,
      "max" : 126,
      "mean" : 41.083333333333336,
      "min" : 1,
      "p50" : 36.5,
      "p75" : 58.0,
      "p95" : 126.0,
      "p98" : 126.0,
      "p99" : 126.0,
      "p999" : 126.0,
      "values" : [ 1, 1, 1, 1, 20, 29, 44, 55, 58, 58, 99, 126 ],
      "stddev" : 40.851078395320314
    },
    "vm.cpu.load.x100.window.1h" : {
      "count" : 12,
      "max" : 126,
      "mean" : 41.083333333333336,
      "min" : 1,
      "p50" : 36.5,
      "p75" : 58.0,
      "p95" : 126.0,
      "p98" : 126.0,
      "p99" : 126.0,
      "p999" : 126.0,
      "values" : [ 1, 1, 1, 1, 20, 29, 44, 55, 58, 58, 99, 126 ],
      "stddev" : 40.851078395320314
    },
    "vm.cpu.load.x100.window.5m" : {
      "count" : 12,
      "max" : 126,
      "mean" : 41.083333333333336,
      "min" : 1,
      "p50" : 36.5,
      "p75" : 58.0,
      "p95" : 126.0,
      "p98" : 126.0,
      "p99" : 126.0,
      "p999" : 126.0,
      "values" : [ 1, 1, 1, 1, 20, 29, 44, 55, 58, 58, 99, 126 ],
      "stddev" : 40.851078395320314
    },
    "vm.file.descriptor.ratio.x100.history" : {
      "count" : 12,
      "max" : 6,
      "mean" : 5.360190149308913,
      "min" : 4,
      "p50" : 6.0,
      "p75" : 6.0,
      "p95" : 6.0,
      "p98" : 6.0,
      "p99" : 6.0,
      "p999" : 6.0,
      "values" : [ 4, 4, 4, 4, 4, 4, 4, 5, 6, 6, 6, 6 ],
      "stddev" : 0.8845586101960117
    },
    "vm.file.descriptor.ratio.x100.window.15m" : {
      "count" : 12,
      "max" : 6,
      "mean" : 4.75,
      "min" : 4,
      "p50" : 4.0,
      "p75" : 6.0,
      "p95" : 6.0,
      "p98" : 6.0,
      "p99" : 6.0,
      "p999" : 6.0,
      "values" : [ 4, 4, 4, 4, 4, 4, 4, 5, 6, 6, 6, 6 ],
      "stddev" : 0.9653072991634227
    },
    "vm.file.descriptor.ratio.x100.window.1h" : {
      "count" : 12,
      "max" : 6,
      "mean" : 4.75,
      "min" : 4,
      "p50" : 4.0,
      "p75" : 6.0,
      "p95" : 6.0,
      "p98" : 6.0,
      "p99" : 6.0,
      "p999" : 6.0,
      "values" : [ 4, 4, 4, 4, 4, 4, 4, 5, 6, 6, 6, 6 ],
      "stddev" : 0.9653072991634227
    },
    "vm.file.descriptor.ratio.x100.window.5m" : {
      "count" : 12,
      "max" : 6,
      "mean" : 4.75,
      "min" : 4,
      "p50" : 4.0,
      "p75" : 6.0,
      "p95" : 6.0,
      "p98" : 6.0,
      "p99" : 6.0,
      "p999" : 6.0,
      "values" : [ 4, 4, 4, 4, 4, 4, 4, 5, 6, 6, 6, 6 ],
      "stddev" : 0.9653072991634227
    },
    "vm.memory.heap.committed.history" : {
      "count" : 12,
      "max" : 761790464,
      "mean" : 7.31459879853564E8,
      "min" : 691535872,
      "p50" : 7.4186752E8,
      "p75" : 7.4186752E8,
      "p95" : 7.61790464E8,
      "p98" : 7.61790464E8,
      "p99" : 7.61790464E8,
      "p999" : 7.61790464E8,
      "values" : [ 691535872, 695730176, 695730176, 695730176, 707264512, 707264512, 707264512, 707264512, 741867520, 741867520, 761790464, 761790464 ],
      "stddev" : 2.5478350840745177E7
    },
    "vm.memory.heap.committed.window.15m" : {
      "count" : 12,
      "max" : 761790464,
      "mean" : 7.179250346666666E8,
      "min" : 691535872,
      "p50" : 7.07264512E8,
      "p75" : 7.4186752E8,
      "p95" : 7.61790464E8,
      "p98" : 7.61790464E8,
      "p99" : 7.61790464E8,
      "p999" : 7.61790464E8,
      "values" : [ 691535872, 695730176, 695730176, 695730176, 707264512, 707264512, 707264512, 707264512, 741867520, 741867520, 761790464, 761790464 ],
      "stddev" : 2.6326010510041304E7
    },
    "vm.memory.heap.committed.window.1h" : {
      "count" : 12,
      "max" : 761790464,
      "mean" : 7.179250346666666E8,
      "min" : 691535872,
      "p50" : 7.07264512E8,
      "p75" : 7.4186752E8,
      "p95" : 7.61790464E8,
      "p98" : 7.61790464E8,
      "p99" : 7.61790464E8,
      "p999" : 7.61790464E8,
      "values" : [ 691535872, 695730176, 695730176, 695730176, 707264512, 707264512, 707264512, 707264512, 741867520, 741867520, 761790464, 761790464 ],
      "stddev" : 2.6326010510041304E7
    },
    "vm.memory.heap.committed.window.5m" : {
      "count" : 12,
      "max" : 761790464,
      "mean" : 7.179250346666666E8,
      "min" : 691535872,
      "p50" : 7.07264512E8,
      "p75" : 7.4186752E8,
      "p95" : 7.61790464E8,
      "p98" : 7.61790464E8,
      "p99" : 7.61790464E8,
      "p999" : 7.61790464E8,
      "values" : [ 691535872, 695730176, 695730176, 695730176, 707264512, 707264512, 707264512, 707264512, 741867520, 741867520, 761790464, 761790464 ],
      "stddev" : 2.6326010510041304E7
    },
    "vm.memory.heap.usage.x100.history" : {
      "count" : 12,
      "max" : 33,
      "mean" : 21.1845199035167,
      "min" : 10,
      "p50" : 21.0,
      "p75" : 25.0,
      "p95" : 33.0,
      "p98" : 33.0,
      "p99" : 33.0,
      "p999" : 33.0,
      "values" : [ 10, 13, 17, 21, 21, 21, 25, 27, 30, 31, 32, 33 ],
      "stddev" : 7.180682682194481
    },
    "vm.memory.heap.usage.x100.window.15m" : {
      "count" : 12,
      "max" : 33,
      "mean" : 23.416666666666668,
      "min" : 10,
      "p50" : 23.0,
      "p75" : 30.75,
      "p95" : 33.0,
      "p98" : 33.0,
      "p99" : 33.0,
      "p999" : 33.0,
      "values" : [ 10, 13, 17, 21, 21, 21, 25, 27, 30, 31, 32, 33 ],
      "stddev" : 7.56136511644838
    },
    "vm.memory.heap.usage.x100.window.1h" : {
      "count" : 12,
      "max" : 33,
      "mean" : 23.416666666666668,
      "min" : 10,
      "p50" : 23.0,
      "p75" : 30.75,
      "p95" : 33.0,
      "p98" : 33.0,
      "p99" : 33.0,
      "p999" : 33.0,
      "values" : [ 10, 13, 17, 21, 21, 21, 25, 27, 30, 31, 32, 33 ],
      "stddev" : 7.56136511644838
    },
    "vm.memory.heap.usage.x100.window.5m" : {
      "count" : 12,
      "max" : 33,
      "mean" : 23.416666666666668,
      "min" : 10,
      "p50" : 23.0,
      "p75" : 30.75,
      "p95" : 33.0,
      "p98" : 33.0,
      "p99" : 33.0,
      "p999" : 33.0,
      "values" : [ 10, 13, 17, 21, 21, 21, 25, 27, 30, 31, 32, 33 ],
      "stddev" : 7.56136511644838
    },
    "vm.memory.heap.used.history" : {
      "count" : 12,
      "max" : 537267160,
      "mean" : 3.4615135429030025E8,
      "min" : 154581640,
      "p50" : 3.45580888E8,
      "p75" : 4.09648848E8,
      "p95" : 5.3726716E8,
      "p98" : 5.3726716E8,
      "p99" : 5.3726716E8,
      "p999" : 5.3726716E8,
      "values" : [ 154581640, 214270032, 278425968, 339843208, 345580888, 346560696, 409648848, 437799816, 492009296, 506941288, 524604224, 537267160 ],
      "stddev" : 1.1844560747156563E8
    },
    "vm.memory.heap.used.window.15m" : {
      "count" : 12,
      "max" : 537267160,
      "mean" : 3.82294422E8,
      "min" : 154581640,
      "p50" : 3.78104772E8,
      "p75" : 5.0320829E8,
      "p95" : 5.3726716E8,
      "p98" : 5.3726716E8,
      "p99" : 5.3726716E8,
      "p999" : 5.3726716E8,
      "values" : [ 154581640, 214270032, 278425968, 339843208, 345580888, 346560696, 409648848, 437799816, 492009296, 506941288, 524604224, 537267160 ],
      "stddev" : 1.2467149131505789E8
    },
    "vm.memory.heap.used.window.1h" : {
      "count" : 12,
      "max" : 537267160,
      "mean" : 3.82294422E8,
      "min" : 154581640,
      "p50" : 3.78104772E8,
      "p75" : 5.0320829E8,
      "p95" : 5.3726716E8,
      "p98" : 5.3726716E8,
      "p99" : 5.3726716E8,
      "p999" : 5.3726716E8,
      "values" : [ 154581640, 214270032, 278425968, 339843208, 345580888, 346560696, 409648848, 437799816, 492009296, 506941288, 524604224, 537267160 ],
      "stddev" : 1.2467149131505789E8
    },
    "vm.memory.heap.used.window.5m" : {
      "count" : 12,
      "max" : 537267160,
      "mean" : 3.82294422E8,
      "min" : 154581640,
      "p50" : 3.78104772E8,
      "p75" : 5.0320829E8,
      "p95" : 5.3726716E8,
      "p98" : 5.3726716E8,
      "p99" : 5.3726716E8,
      "p999" : 5.3726716E8,
      "values" : [ 154581640, 214270032, 278425968, 339843208, 345580888, 346560696, 409648848, 437799816, 492009296, 506941288, 524604224, 537267160 ],
      "stddev" : 1.2467149131505789E8
    },
    "vm.memory.non-heap.committed.history" : {
      "count" : 12,
      "max" : 163250176,
      "mean" : 1.4271202444560385E8,
      "min" : 104792064,
      "p50" : 1.54206208E8,
      "p75" : 1.61808384E8,
      "p95" : 1.63250176E8,
      "p98" : 1.63250176E8,
      "p99" : 1.63250176E8,
      "p999" : 1.63250176E8,
      "values" : [ 104792064, 106889216, 106889216, 106954752, 107020288, 119406592, 119406592, 123207680, 149422080, 154206208, 161808384, 163250176 ],
      "stddev" : 2.176287936616777E7
    },
    "vm.memory.non-heap.committed.window.15m" : {
      "count" : 12,
      "max" : 163250176,
      "mean" : 1.2693777066666667E8,
      "min" : 104792064,
      "p50" : 1.19406592E8,
      "p75" : 1.53010176E8,
      "p95" : 1.63250176E8,
      "p98" : 1.63250176E8,
      "p99" : 1.63250176E8,
      "p999" : 1.63250176E8,
      "values" : [ 104792064, 106889216, 106889216, 106954752, 107020288, 119406592, 119406592, 123207680, 149422080, 154206208, 161808384, 163250176 ],
      "stddev" : 2.3357618456890043E7
    },
    "vm.memory.non-heap.committed.window.1h" : {
      "count" : 12,
      "max" : 163250176,
      "mean" : 1.2693777066666667E8,
      "min" : 104792064,
      "p50" : 1.19406592E8,
      "p75" : 1.53010176E8,
      "p95" : 1.63250176E8,
      "p98" : 1.63250176E8,
      "p99" : 1.63250176E8,
      "p999" : 1.63250176E8,
      "values" : [ 104792064, 106889216, 106889216, 106954752, 107020288, 119406592, 119406592, 123207680, 149422080, 154206208, 161808384, 163250176 ],
      "stddev" : 2.3357618456890043E7
    },
    "vm.memory.non-heap.committed.window.5m" : {
      "count" : 12,
      "max" : 163250176,
      "mean" : 1.2693777066666667E8,
      "min" : 104792064,
      "p50" : 1.19406592E8,
      "p75" : 1.53010176E8,
      "p95" : 1.63250176E8,
      "p98" : 1.63250176E8,
      "p99" : 1.63250176E8,
      "p999" : 1.63250176E8,
      "values" : [ 104792064, 106889216, 106889216, 106954752, 107020288, 119406592, 119406592, 123207680, 149422080, 154206208, 161808384, 163250176 ],
      "stddev" : 2.3357618456890043E7
    },
    "vm.memory.non-heap.usage.x100.history" : {
      "count" : 12,
      "max" : -9949490400,
      "mean" : -1.343946286650936E10,
      "min" : -15303999200,
      "p50" : -1.45067632E10,
      "p75" : -1.13389296E10,
      "p95" : -1.0181256E10,
      "p98" : -1.01734488E10,
      "p99" : -9.9494904E9,
      "p999" : -9.9494904E9,
      "values" : [ -15303999200, -15116097600, -14506763200, -14049965600, -11745004800, -11338929600, -11328348000, -10199040800, -10187357600, -10181256000, -10173448800, -9949490400 ],
      "stddev" : 1.964467018026149E9
    },
    "vm.memory.non-heap.usage.x100.window.15m" : {
      "count" : 12,
      "max" : -9949490400,
      "mean" : -1.20066418E10,
      "min" : -15303999200,
      "p50" : -1.13336388E10,
      "p75" : -1.01827814E10,
      "p95" : -9.9494904E9,
      "p98" : -9.9494904E9,
      "p99" : -9.9494904E9,
      "p999" : -9.9494904E9,
      "values" : [ -15303999200, -15116097600, -14506763200, -14049965600, -11745004800, -11338929600, -11328348000, -10199040800, -10187357600, -10181256000, -10173448800, -9949490400 ],
      "stddev" : 2.12010193783593E9
    },
    "vm.memory.non-heap.usage.x100.window.1h" : {
      "count" : 12,
      "max" : -9949490400,
      "mean" : -1.20066418E10,
      "min" : -15303999200,
      "p50" : -1.13336388E10,
      "p75" : -1.01827814E10,
      "p95" : -9.9494904E9,
      "p98" : -9.9494904E9,
      "p99" : -9.9494904E9,
      "p999" : -9.9494904E9,
      "values" : [ -15303999200, -15116097600, -14506763200, -14049965600, -11745004800, -11338929600, -11328348000, -10199040800, -10187357600, -10181256000, -10173448800, -9949490400 ],
      "stddev" : 2.12010193783593E9
    },
    "vm.memory.non-heap.usage.x100.window.5m" : {
      "count" : 12,
      "max" : -9949490400,
      "mean" : -1.20066418E10,
      "min" : -15303999200,
      "p50" : -1.13336388E10,
      "p75" : -1.01827814E10,
      "p95" : -9.9494904E9,
      "p98" : -9.9494904E9,
      "p99" : -9.9494904E9,
      "p999" : -9.9494904E9,
      "values" : [ -15303999200, -15116097600, -14506763200, -14049965600, -11745004800, -11338929600, -11328348000, -10199040800, -10187357600, -10181256000, -10173448800, -9949490400 ],
      "stddev" : 2.12010193783593E9
    },
    "vm.memory.non-heap.used.history" : {
      "count" : 12,
      "max" : 153039992,
      "mean" : 1.3439462982856378E8,
      "min" : 99494968,
      "p50" : 1.45067632E8,
      "p75" : 1.51160976E8,
      "p95" : 1.53039992E8,
      "p98" : 1.53039992E8,
      "p99" : 1.53039992E8,
      "p999" : 1.53039992E8,
      "values" : [ 99494968, 101734488, 101812560, 101873576, 101990408, 113283480, 113389296, 117450048, 140499656, 145067632, 151160976, 153039992 ],
      "stddev" : 1.964466811330115E7
    },
    "vm.memory.non-heap.used.window.15m" : {
      "count" : 12,
      "max" : 153039992,
      "mean" : 1.2006642333333333E8,
      "min" : 99494968,
      "p50" : 1.13336388E8,
      "p75" : 1.43925638E8,
      "p95" : 1.53039992E8,
      "p98" : 1.53039992E8,
      "p99" : 1.53039992E8,
      "p999" : 1.53039992E8,
      "values" : [ 99494968, 101734488, 101812560, 101873576, 101990408, 113283480, 113389296, 117450048, 140499656, 145067632, 151160976, 153039992 ],
      "stddev" : 2.1201013732939526E7
    },
    "vm.memory.non-heap.used.window.1h" : {
      "count" : 12,
      "max" : 153039992,
      "mean" : 1.2006642333333333E8,
      "min" : 99494968,
      "p50" : 1.13336388E8,
      "p75" : 1.43925638E8,
      "p95" : 1.53039992E8,
      "p98" : 1.53039992E8,
      "p99" : 1.53039992E8,
      "p999" : 1.53039992E8,
      "values" : [ 99494968, 101734488, 101812560, 101873576, 101990408, 113283480, 113389296, 117450048, 140499656, 145067632, 151160976, 153039992 ],
      "stddev" : 2.1201013732939526E7
    },
    "vm.memory.non-heap.used.window.5m" : {
      "count" : 12,
      "max" : 153039992,
      "mean" : 1.2006642333333333E8,
      "min" : 99494968,
      "p50" : 1.13336388E8,
      "p75" : 1.43925638E8,
      "p95" : 1.53039992E8,
      "p98" : 1.53039992E8,
      "p99" : 1.53039992E8,
      "p999" : 1.53039992E8,
      "values" : [ 99494968, 101734488, 101812560, 101873576, 101990408, 113283480, 113389296, 117450048, 140499656, 145067632, 151160976, 153039992 ],
      "stddev" : 2.1201013732939526E7
    },
    "vm.memory.pools.Code-Cache.committed.history" : {
      "count" : 12,
      "max" : 35848192,
      "mean" : 2.919957183223162E7,
      "min" : 18546688,
      "p50" : 3.0998528E7,
      "p75" : 3.4668544E7,
      "p95" : 3.5848192E7,
      "p98" : 3.5848192E7,
      "p99" : 3.5848192E7,
      "p999" : 3.5848192E7,
      "values" : [ 18546688, 20119552, 20119552, 20185088, 20250624, 22675456, 22675456, 25165824, 28573696, 30998528, 34668544, 35848192 ],
      "stddev" : 5896248.065399718
    },
    "vm.memory.pools.Code-Cache.committed.window.15m" : {
      "count" : 12,
      "max" : 35848192,
      "mean" : 2.49856E7,
      "min" : 18546688,
      "p50" : 2.2675456E7,
      "p75" : 3.039232E7,
      "p95" : 3.5848192E7,
      "p98" : 3.5848192E7,
      "p99" : 3.5848192E7,
      "p999" : 3.5848192E7,
      "values" : [ 18546688, 20119552, 20119552, 20185088, 20250624, 22675456, 22675456, 25165824, 28573696, 30998528, 34668544, 35848192 ],
      "stddev" : 6073582.1689938465
    },
    "vm.memory.pools.Code-Cache.committed.window.1h" : {
      "count" : 12,
      "max" : 35848192,
      "mean" : 2.49856E7,
      "min" : 18546688,
      "p50" : 2.2675456E7,
      "p75" : 3.039232E7,
      "p95" : 3.5848192E7,
      "p98" : 3.5848192E7,
      "p99" : 3.5848192E7,
      "p999" : 3.5848192E7,
      "values" : [ 18546688, 20119552, 20119552, 20185088, 20250624, 22675456, 22675456, 25165824, 28573696, 30998528, 34668544, 35848192 ],
      "stddev" : 6073582.1689938465
    },
    "vm.memory.pools.Code-Cache.committed.window.5m" : {
      "count" : 12,
      "max" : 35848192,
      "mean" : 2.49856E7,
      "min" : 18546688,
      "p50" : 2.2675456E7,
      "p75" : 3.039232E7,
      "p95" : 3.5848192E7,
      "p98" : 3.5848192E7,
      "p99" : 3.5848192E7,
      "p999" : 3.5848192E7,
      "values" : [ 18546688, 20119552, 20119552, 20185088, 20250624, 22675456, 22675456, 25165824, 28573696, 30998528, 34668544, 35848192 ],
      "stddev" : 6073582.1689938465
    },
    "vm.memory.pools.Code-Cache.usage.x100.history" : {
      "count" : 12,
      "max" : 14,
      "mean" : 11.495303803121198,
      "min" : 7,
      "p50" : 12.0,
      "p75" : 14.0,
      "p95" : 14.0,
      "p98" : 14.0,
      "p99" : 14.0,
      "p999" : 14.0,
      "values" : [ 7, 8, 8, 8, 8, 9, 9, 10, 11, 12, 14, 14 ],
      "stddev" : 2.336053878462255
    },
    "vm.memory.pools.Code-Cache.usage.x100.window.15m" : {
      "count" : 12,
      "max" : 14,
      "mean" : 9.833333333333334,
      "min" : 7,
      "p50" : 9.0,
      "p75" : 11.75,
      "p95" : 14.0,
      "p98" : 14.0,
      "p99" : 14.0,
      "p999" : 14.0,
      "values" : [ 7, 8, 8, 8, 8, 9, 9, 10, 11, 12, 14, 14 ],
      "stddev" : 2.4058010698889443
    },
    "vm.memory.pools.Code-Cache.usage.x100.window.1h" : {
      "count" : 12,
      "max" : 14,
      "mean" : 9.833333333333334,
      "min" : 7,
      "p50" : 9.0,
      "p75" : 11.75,
      "p95" : 14.0,
      "p98" : 14.0,
      "p99" : 14.0,
      "p999" : 14.0,
      "values" : [ 7, 8, 8, 8, 8, 9, 9, 10, 11, 12, 14, 14 ],
      "stddev" : 2.4058010698889443
    },
    "vm.memory.pools.Code-Cache.usage.x100.window.5m" : {
      "count" : 12,
      "max" : 14,
      "mean" : 9.833333333333334,
      "min" : 7,
      "p50" : 9.0,
      "p75" : 11.75,
      "p95" : 14.0,
      "p98" : 14.0,
      "p99" : 14.0,
      "p999" : 14.0,
      "values" : [ 7, 8, 8, 8, 8, 9, 9, 10, 11, 12, 14, 14 ],
      "stddev" : 2.4058010698889443
    },
    "vm.memory.pools.Code-Cache.used.history" : {
      "count" : 12,
      "max" : 35622336,
      "mean" : 2.885833178228455E7,
      "min" : 18380544,
      "p50" : 3.0811776E7,
      "p75" : 3.4155968E7,
      "p95" : 3.5622336E7,
      "p98" : 3.5622336E7,
      "p99" : 3.5622336E7,
      "p999" : 3.5622336E7,
      "values" : [ 18380544, 19873728, 19966336, 19994560, 20090752, 22166848, 22258304, 24998592, 27860480, 30811776, 34155968, 35622336 ],
      "stddev" : 5879455.648394344
    },
    "vm.memory.pools.Code-Cache.used.window.15m" : {
      "count" : 12,
      "max" : 35622336,
      "mean" : 2.4681685333333332E7,
      "min" : 18380544,
      "p50" : 2.2212576E7,
      "p75" : 3.0073952E7,
      "p95" : 3.5622336E7,
      "p98" : 3.5622336E7,
      "p99" : 3.5622336E7,
      "p999" : 3.5622336E7,
      "values" : [ 18380544, 19873728, 19966336, 19994560, 20090752, 22166848, 22258304, 24998592, 27860480, 30811776, 34155968, 35622336 ],
      "stddev" : 6011665.915127917
    },
    "vm.memory.pools.Code-Cache.used.window.1h" : {
      "count" : 12,
      "max" : 35622336,
      "mean" : 2.4681685333333332E7,
      "min" : 18380544,
      "p50" : 2.2212576E7,
      "p75" : 3.0073952E7,
      "p95" : 3.5622336E7,
      "p98" : 3.5622336E7,
      "p99" : 3.5622336E7,
      "p999" : 3.5622336E7,
      "values" : [ 18380544, 19873728, 19966336, 19994560, 20090752, 22166848, 22258304, 24998592, 27860480, 30811776, 34155968, 35622336 ],
      "stddev" : 6011665.915127917
    },
    "vm.memory.pools.Code-Cache.used.window.5m" : {
      "count" : 12,
      "max" : 35622336,
      "mean" : 2.4681685333333332E7,
      "min" : 18380544,
      "p50" : 2.2212576E7,
      "p75" : 3.0073952E7,
      "p95" : 3.5622336E7,
      "p98" : 3.5622336E7,
      "p99" : 3.5622336E7,
      "p999" : 3.5622336E7,
      "values" : [ 18380544, 19873728, 19966336, 19994560, 20090752, 22166848, 22258304, 24998592, 27860480, 30811776, 34155968, 35622336 ],
      "stddev" : 6011665.915127917
    },
    "vm.memory.pools.Compressed-Class-Space.committed.history" : {
      "count" : 12,
      "max" : 15335424,
      "mean" : 1.353317374047151E7,
      "min" : 10092544,
      "p50" : 1.4811136E7,
      "p75" : 1.5335424E7,
      "p95" : 1.5335424E7,
      "p98" : 1.5335424E7,
      "p99" : 1.5335424E7,
      "p999" : 1.5335424E7,
      "values" : [ 10092544, 10092544, 10092544, 10092544, 10092544, 11272192, 11272192, 11403264, 14548992, 14811136, 15335424, 15335424 ],
      "stddev" : 2101802.8069731975
    },
    "vm.memory.pools.Compressed-Class-Space.committed.window.15m" : {
      "count" : 12,
      "max" : 15335424,
      "mean" : 1.2036778666666666E7,
      "min" : 10092544,
      "p50" : 1.1272192E7,
      "p75" : 1.47456E7,
      "p95" : 1.5335424E7,
      "p98" : 1.5335424E7,
      "p99" : 1.5335424E7,
      "p999" : 1.5335424E7,
      "values" : [ 10092544, 10092544, 10092544, 10092544, 10092544, 11272192, 11272192, 11403264, 14548992, 14811136, 15335424, 15335424 ],
      "stddev" : 2261157.488893177
    },
    "vm.memory.pools.Compressed-Class-Space.committed.window.1h" : {
      "count" : 12,
      "max" : 15335424,
      "mean" : 1.2036778666666666E7,
      "min" : 10092544,
      "p50" : 1.1272192E7,
      "p75" : 1.47456E7,
      "p95" : 1.5335424E7,
      "p98" : 1.5335424E7,
      "p99" : 1.5335424E7,
      "p999" : 1.5335424E7,
      "values" : [ 10092544, 10092544, 10092544, 10092544, 10092544, 11272192, 11272192, 11403264, 14548992, 14811136, 15335424, 15335424 ],
      "stddev" : 2261157.488893177
    },
    "vm.memory.pools.Compressed-Class-Space.committed.window.5m" : {
      "count" : 12,
      "max" : 15335424,
      "mean" : 1.2036778666666666E7,
      "min" : 10092544,
      "p50" : 1.1272192E7,
      "p75" : 1.47456E7,
      "p95" : 1.5335424E7,
      "p98" : 1.5335424E7,
      "p99" : 1.5335424E7,
      "p999" : 1.5335424E7,
      "values" : [ 10092544, 10092544, 10092544, 10092544, 10092544, 11272192, 11272192, 11403264, 14548992, 14811136, 15335424, 15335424 ],
      "stddev" : 2261157.488893177
    },
    "vm.memory.pools.Compressed-Class-Space.usage.x100.history" : {
      "count" : 12,
      "max" : 1,
      "mean" : 1.0,
      "min" : 1,
      "p50" : 1.0,
      "p75" : 1.0,
      "p95" : 1.0,
      "p98" : 1.0,
      "p99" : 1.0,
      "p999" : 1.0,
      "values" : [ 1, 1, 1, 1, 1, 1, 1, 1, 1, 1, 1, 1 ],
      "stddev" : 0.0
    },
    "vm.memory.pools.Compressed-Class-Space.usage.x100.window.15m" : {
      "count" : 12,
      "max" : 1,
      "mean" : 1.0,
      "min" : 1,
      "p50" : 1.0,
      "p75" : 1.0,
      "p95" : 1.0,
      "p98" : 1.0,
      "p99" : 1.0,
      "p999" : 1.0,
      "values" : [ 1, 1, 1, 1, 1, 1, 1, 1, 1, 1, 1, 1 ],
      "stddev" : 0.0
    },
    "vm.memory.pools.Compressed-Class-Space.usage.x100.window.1h" : {
      "count" : 12,
      "max" : 1,
      "mean" : 1.0,
      "min" : 1,
      "p50" : 1.0,
      "p75" : 1.0,
      "p95" : 1.0,
      "p98" : 1.0,
      "p99" : 1.0,
      "p999" : 1.0,
      "values" : [ 1, 1, 1, 1, 1, 1, 1, 1, 1, 1, 1, 1 ],
      "stddev" : 0.0
    },
    "vm.memory.pools.Compressed-Class-Space.usage.x100.window.5m" : {
      "count" : 12,
      "max" : 1,
      "mean" : 1.0,
      "min" : 1,
      "p50" : 1.0,
      "p75" : 1.0,
      "p95" : 1.0,
      "p98" : 1.0,
      "p99" : 1.0,
      "p999" : 1.0,
      "values" : [ 1, 1, 1, 1, 1, 1, 1, 1, 1, 1, 1, 1 ],
      "stddev" : 0.0
    },
    "vm.memory.pools.Compressed-Class-Space.used.history" : {
      "count" : 12,
      "max" : 13222288,
      "mean" : 1.1812945466642287E7,
      "min" : 8969480,
      "p50" : 1.287884E7,
      "p75" : 1.3181432E7,
      "p95" : 1.3222288E7,
      "p98" : 1.3222288E7,
      "p99" : 1.3222288E7,
      "p999" : 1.3222288E7,
      "values" : [ 8969480, 9011968, 9011968, 9011968, 9011968, 10014456, 10015048, 10163184, 12767464, 12878840, 13181432, 13222288 ],
      "stddev" : 1683962.9784195686
    },
    "vm.memory.pools.Compressed-Class-Space.used.window.15m" : {
      "count" : 12,
      "max" : 13222288,
      "mean" : 1.0605005333333334E7,
      "min" : 8969480,
      "p50" : 1.0014752E7,
      "p75" : 1.2850996E7,
      "p95" : 1.3222288E7,
      "p98" : 1.3222288E7,
      "p99" : 1.3222288E7,
      "p999" : 1.3222288E7,
      "values" : [ 8969480, 9011968, 9011968, 9011968, 9011968, 10014456, 10015048, 10163184, 12767464, 12878840, 13181432, 13222288 ],
      "stddev" : 1835327.9038391
    },
    "vm.memory.pools.Compressed-Class-Space.used.window.1h" : {
      "count" : 12,
      "max" : 13222288,
      "mean" : 1.0605005333333334E7,
      "min" : 8969480,
      "p50" : 1.0014752E7,
      "p75" : 1.2850996E7,
      "p95" : 1.3222288E7,
      "p98" : 1.3222288E7,
      "p99" : 1.3222288E7,
      "p999" : 1.3222288E7,
      "values" : [ 8969480, 9011968, 9011968, 9011968, 9011968, 10014456, 10015048, 10163184, 12767464, 12878840, 13181432, 13222288 ],
      "stddev" : 1835327.9038391
    },
    "vm.memory.pools.Compressed-Class-Space.used.window.5m" : {
      "count" : 12,
      "max" : 13222288,
      "mean" : 1.0605005333333334E7,
      "min" : 8969480,
      "p50" : 1.0014752E7,
      "p75" : 1.2850996E7,
      "p95" : 1.3222288E7,
      "p98" : 1.3222288E7,
      "p99" : 1.3222288E7,
      "p999" : 1.3222288E7,
      "values" : [ 8969480, 9011968, 9011968, 9011968, 9011968, 10014456, 10015048, 10163184, 12767464, 12878840, 13181432, 13222288 ],
      "stddev" : 1835327.9038391
    },
    "vm.memory.pools.Metaspace.committed.history" : {
      "count" : 12,
      "max" : 112066560,
      "mean" : 9.997927887290072E7,
      "min" : 76152832,
      "p50" : 1.08396544E8,
      "p75" : 1.11804416E8,
      "p95" : 1.1206656E8,
      "p98" : 1.1206656E8,
      "p99" : 1.1206656E8,
      "p999" : 1.1206656E8,
      "values" : [ 76152832, 76677120, 76677120, 76677120, 76677120, 85458944, 85458944, 86638592, 106299392, 108396544, 111804416, 112066560 ],
      "stddev" : 1.3924011617901295E7
    },
    "vm.memory.pools.Metaspace.committed.window.15m" : {
      "count" : 12,
      "max" : 112066560,
      "mean" : 8.9915392E7,
      "min" : 76152832,
      "p50" : 8.5458944E7,
      "p75" : 1.07872256E8,
      "p95" : 1.1206656E8,
      "p98" : 1.1206656E8,
      "p99" : 1.1206656E8,
      "p999" : 1.1206656E8,
      "values" : [ 76152832, 76677120, 76677120, 76677120, 76677120, 85458944, 85458944, 86638592, 106299392, 108396544, 111804416, 112066560 ],
      "stddev" : 1.5137745618200546E7
    },
    "vm.memory.pools.Metaspace.committed.window.1h" : {
      "count" : 12,
      "max" : 112066560,
      "mean" : 8.9915392E7,
      "min" : 76152832,
      "p50" : 8.5458944E7,
      "p75" : 1.07872256E8,
      "p95" : 1.1206656E8,
      "p98" : 1.1206656E8,
      "p99" : 1.1206656E8,
      "p999" : 1.1206656E8,
      "values" : [ 76152832, 76677120, 76677120, 76677120, 76677120, 85458944, 85458944, 86638592, 106299392, 108396544, 111804416, 112066560 ],
      "stddev" : 1.5137745618200546E7
    },
    "vm.memory.pools.Metaspace.committed.window.5m" : {
      "count" : 12,
      "max" : 112066560,
      "mean" : 8.9915392E7,
      "min" : 76152832,
      "p50" : 8.5458944E7,
      "p75" : 1.07872256E8,
      "p95" : 1.1206656E8,
      "p98" : 1.1206656E8,
      "p99" : 1.1206656E8,
      "p999" : 1.1206656E8,
      "values" : [ 76152832, 76677120, 76677120, 76677120, 76677120, 85458944, 85458944, 86638592, 106299392, 108396544, 111804416, 112066560 ],
      "stddev" : 1.5137745618200546E7
    },
    "vm.memory.pools.Metaspace.usage.x100.history" : {
      "count" : 12,
      "max" : 95,
      "mean" : 93.97533465121032,
      "min" : 93,
      "p50" : 94.0,
      "p75" : 95.0,
      "p95" : 95.0,
      "p98" : 95.0,
      "p99" : 95.0,
      "p999" : 95.0,
      "values" : [ 93, 93, 94, 94, 95, 95, 95, 95, 95, 95, 95, 95 ],
      "stddev" : 0.866998236168209
    },
    "vm.memory.pools.Metaspace.usage.x100.window.15m" : {
      "count" : 12,
      "max" : 95,
      "mean" : 94.5,
      "min" : 93,
      "p50" : 95.0,
      "p75" : 95.0,
      "p95" : 95.0,
      "p98" : 95.0,
      "p99" : 95.0,
      "p999" : 95.0,
      "values" : [ 93, 93, 94, 94, 95, 95, 95, 95, 95, 95, 95, 95 ],
      "stddev" : 0.7977240352174656
    },
    "vm.memory.pools.Metaspace.usage.x100.window.1h" : {
      "count" : 12,
      "max" : 95,
      "mean" : 94.5,
      "min" : 93,
      "p50" : 95.0,
      "p75" : 95.0,
      "p95" : 95.0,
      "p98" : 95.0,
      "p99" : 95.0,
      "p999" : 95.0,
      "values" : [ 93, 93, 94, 94, 95, 95, 95, 95, 95, 95, 95, 95 ],
      "stddev" : 0.7977240352174656
    },
    "vm.memory.pools.Metaspace.usage.x100.window.5m" : {
      "count" : 12,
      "max" : 95,
      "mean" : 94.5,
      "min" : 93,
      "p50" : 95.0,
      "p75" : 95.0,
      "p95" : 95.0,
      "p98" : 95.0,
      "p99" : 95.0,
      "p999" : 95.0,
      "values" : [ 93, 93, 94, 94, 95, 95, 95, 95, 95, 95, 95, 95 ],
      "stddev" : 0.7977240352174656
    },
    "vm.memory.pools.Metaspace.used.history" : {
      "count" : 12,
      "max" : 104195368,
      "mean" : 9.372335665178254E7,
      "min" : 72145168,
      "p50" : 1.01377016E8,
      "p75" : 1.03823576E8,
      "p95" : 1.04195368E8,
      "p98" : 1.04195368E8,
      "p99" : 1.04195368E8,
      "p999" : 1.04195368E8,
      "values" : [ 72145168, 72834256, 72848792, 72867048, 72887688, 81102176, 81115944, 82288272, 99871712, 101377016, 103823576, 104195368 ],
      "stddev" : 1.2280951091904037E7
    },
    "vm.memory.pools.Metaspace.used.window.15m" : {
      "count" : 12,
      "max" : 104195368,
      "mean" : 8.477975133333333E7,
      "min" : 72145168,
      "p50" : 8.110906E7,
      "p75" : 1.0100069E8,
      "p95" : 1.04195368E8,
      "p98" : 1.04195368E8,
      "p99" : 1.04195368E8,
      "p999" : 1.04195368E8,
      "values" : [ 72145168, 72834256, 72848792, 72867048, 72887688, 81102176, 81115944, 82288272, 99871712, 101377016, 103823576, 104195368 ],
      "stddev" : 1.3497590457859665E7
    },
    "vm.memory.pools.Metaspace.used.window.1h" : {
      "count" : 12,
      "max" : 104195368,
      "mean" : 8.477975133333333E7,
      "min" : 72145168,
      "p50" : 8.110906E7,
      "p75" : 1.0100069E8,
      "p95" : 1.04195368E8,
      "p98" : 1.04195368E8,
      "p99" : 1.04195368E8,
      "p999" : 1.04195368E8,
      "values" : [ 72145168, 72834256, 72848792, 72867048, 72887688, 81102176, 81115944, 82288272, 99871712, 101377016, 103823576, 104195368 ],
      "stddev" : 1.3497590457859665E7
    },
    "vm.memory.pools.Metaspace.used.window.5m" : {
      "count" : 12,
      "max" : 104195368,
      "mean" : 8.477975133333333E7,
      "min" : 72145168,
      "p50" : 8.110906E7,
      "p75" : 1.0100069E8,
      "p95" : 1.04195368E8,
      "p98" : 1.04195368E8,
      "p99" : 1.04195368E8,
      "p999" : 1.04195368E8,
      "values" : [ 72145168, 72834256, 72848792, 72867048, 72887688, 81102176, 81115944, 82288272, 99871712, 101377016, 103823576, 104195368 ],
      "stddev" : 1.3497590457859665E7
    },
    "vm.memory.pools.PS-Eden-Space.committed.history" : {
      "count" : 12,
      "max" : 595066880,
      "mean" : 5.681490098487682E8,
      "min" : 548929536,
      "p50" : 5.70949632E8,
      "p75" : 5.83532544E8,
      "p95" : 5.9506688E8,
      "p98" : 5.9506688E8,
      "p99" : 5.9506688E8,
      "p999" : 5.9506688E8,
      "values" : [ 548929536, 548929536, 564658176, 570949632, 570949632, 583532544, 583532544, 583532544, 595066880, 595066880, 595066880, 595066880 ],
      "stddev" : 1.707970931503233E7
    },
    "vm.memory.pools.PS-Eden-Space.committed.window.15m" : {
      "count" : 12,
      "max" : 595066880,
      "mean" : 5.779401386666666E8,
      "min" : 548929536,
      "p50" : 5.83532544E8,
      "p75" : 5.9506688E8,
      "p95" : 5.9506688E8,
      "p98" : 5.9506688E8,
      "p99" : 5.9506688E8,
      "p999" : 5.9506688E8,
      "values" : [ 548929536, 548929536, 564658176, 570949632, 570949632, 583532544, 583532544, 583532544, 595066880, 595066880, 595066880, 595066880 ],
      "stddev" : 1.7121228451017078E7
    },
    "vm.memory.pools.PS-Eden-Space.committed.window.1h" : {
      "count" : 12,
      "max" : 595066880,
      "mean" : 5.779401386666666E8,
      "min" : 548929536,
      "p50" : 5.83532544E8,
      "p75" : 5.9506688E8,
      "p95" : 5.9506688E8,
      "p98" : 5.9506688E8,
      "p99" : 5.9506688E8,
      "p999" : 5.9506688E8,
      "values" : [ 548929536, 548929536, 564658176, 570949632, 570949632, 583532544, 583532544, 583532544, 595066880, 595066880, 595066880, 595066880 ],
      "stddev" : 1.7121228451017078E7
    },
    "vm.memory.pools.PS-Eden-Space.committed.window.5m" : {
      "count" : 12,
      "max" : 595066880,
      "mean" : 5.779401386666666E8,
      "min" : 548929536,
      "p50" : 5.83532544E8,
      "p75" : 5.9506688E8,
      "p95" : 5.9506688E8,
      "p98" : 5.9506688E8,
      "p99" : 5.9506688E8,
      "p999" : 5.9506688E8,
      "values" : [ 548929536, 548929536, 564658176, 570949632, 570949632, 583532544, 583532544, 583532544, 595066880, 595066880, 595066880, 595066880 ],
      "stddev" : 1.7121228451017078E7
    },
    "vm.memory.pools.PS-Eden-Space.usage.x100.history" : {
      "count" : 12,
      "max" : 74,
      "mean" : 39.945706625372836,
      "min" : 6,
      "p50" : 40.0,
      "p75" : 51.0,
      "p95" : 74.0,
      "p98" : 74.0,
      "p99" : 74.0,
      "p999" : 74.0,
      "values" : [ 6, 15, 38, 40, 40, 41, 51, 59, 68, 71, 74, 74 ],
      "stddev" : 21.69381184517845
    },
    "vm.memory.pools.PS-Eden-Space.usage.x100.window.15m" : {
      "count" : 12,
      "max" : 74,
      "mean" : 48.083333333333336,
      "min" : 6,
      "p50" : 46.0,
      "p75" : 70.25,
      "p95" : 74.0,
      "p98" : 74.0,
      "p99" : 74.0,
      "p999" : 74.0,
      "values" : [ 6, 15, 38, 40, 40, 41, 51, 59, 68, 71, 74, 74 ],
      "stddev" : 22.443700607736172
    },
    "vm.memory.pools.PS-Eden-Space.usage.x100.window.1h" : {
      "count" : 12,
      "max" : 74,
      "mean" : 48.083333333333336,
      "min" : 6,
      "p50" : 46.0,
      "p75" : 70.25,
      "p95" : 74.0,
      "p98" : 74.0,
      "p99" : 74.0,
      "p999" : 74.0,
      "values" : [ 6, 15, 38, 40, 40, 41, 51, 59, 68, 71, 74, 74 ],
      "stddev" : 22.443700607736172
    },
    "vm.memory.pools.PS-Eden-Space.usage.x100.window.5m" : {
      "count" : 12,
      "max" : 74,
      "mean" : 48.083333333333336,
      "min" : 6,
      "p50" : 46.0,
      "p75" : 70.25,
      "p95" : 74.0,
      "p98" : 74.0,
      "p99" : 74.0,
      "p999" : 74.0,
      "values" : [ 6, 15, 38, 40, 40, 41, 51, 59, 68, 71, 74, 74 ],
      "stddev" : 22.443700607736172
    },
    "vm.memory.pools.PS-Eden-Space.used.history" : {
      "count" : 12,
      "max" : 438261112,
      "mean" : 2.311793391116277E8,
      "min" : 36706072,
      "p50" : 2.25782888E8,
      "p75" : 2.9177328E8,
      "p95" : 4.35220632E8,
      "p98" : 4.38261112E8,
      "p99" : 4.38261112E8,
      "p999" : 4.38261112E8,
      "values" : [ 36706072, 81404544, 212723824, 225782888, 237796680, 244514168, 291773280, 351456704, 405666184, 420598176, 435220632, 438261112 ],
      "stddev" : 1.2913269519810127E8
    },
    "vm.memory.pools.PS-Eden-Space.used.window.15m" : {
      "count" : 12,
      "max" : 438261112,
      "mean" : 2.818253553333333E8,
      "min" : 36706072,
      "p50" : 2.68143724E8,
      "p75" : 4.16865178E8,
      "p95" : 4.38261112E8,
      "p98" : 4.38261112E8,
      "p99" : 4.38261112E8,
      "p999" : 4.38261112E8,
      "values" : [ 36706072, 81404544, 212723824, 225782888, 237796680, 244514168, 291773280, 351456704, 405666184, 420598176, 435220632, 438261112 ],
      "stddev" : 1.3451684003974673E8
    },
    "vm.memory.pools.PS-Eden-Space.used.window.1h" : {
      "count" : 12,
      "max" : 438261112,
      "mean" : 2.818253553333333E8,
      "min" : 36706072,
      "p50" : 2.68143724E8,
      "p75" : 4.16865178E8,
      "p95" : 4.38261112E8,
      "p98" : 4.38261112E8,
      "p99" : 4.38261112E8,
      "p999" : 4.38261112E8,
      "values" : [ 36706072, 81404544, 212723824, 225782888, 237796680, 244514168, 291773280, 351456704, 405666184, 420598176, 435220632, 438261112 ],
      "stddev" : 1.3451684003974673E8
    },
    "vm.memory.pools.PS-Eden-Space.used.window.5m" : {
      "count" : 12,
      "max" : 438261112,
      "mean" : 2.818253553333333E8,
      "min" : 36706072,
      "p50" : 2.68143724E8,
      "p75" : 4.16865178E8,
      "p95" : 4.38261112E8,
      "p98" : 4.38261112E8,
      "p99" : 4.38261112E8,
      "p999" : 4.38261112E8,
      "values" : [ 36706072, 81404544, 212723824, 225782888, 237796680, 244514168, 291773280, 351456704, 405666184, 420598176, 435220632, 438261112 ],
      "stddev" : 1.3451684003974673E8
    },
    "vm.memory.pools.PS-Old-Gen.committed.history" : {
      "count" : 12,
      "max" : 173015040,
      "mean" : 1.4840911956314912E8,
      "min" : 105381888,
      "p50" : 1.7301504E8,
      "p75" : 1.7301504E8,
      "p95" : 1.7301504E8,
      "p98" : 1.7301504E8,
      "p99" : 1.7301504E8,
      "p999" : 1.7301504E8,
      "values" : [ 105381888, 105381888, 105381888, 105381888, 105381888, 105381888, 105381888, 105381888, 173015040, 173015040, 173015040, 173015040 ],
      "stddev" : 3.253804905738519E7
    },
    "vm.memory.pools.PS-Old-Gen.committed.window.15m" : {
      "count" : 12,
      "max" : 173015040,
      "mean" : 1.27926272E8,
      "min" : 105381888,
      "p50" : 1.05381888E8,
      "p75" : 1.7301504E8,
      "p95" : 1.7301504E8,
      "p98" : 1.7301504E8,
      "p99" : 1.7301504E8,
      "p999" : 1.7301504E8,
      "values" : [ 105381888, 105381888, 105381888, 105381888, 105381888, 105381888, 105381888, 105381888, 173015040, 173015040, 173015040, 173015040 ],
      "stddev" : 3.330026207724736E7
    },
    "vm.memory.pools.PS-Old-Gen.committed.window.1h" : {
      "count" : 12,
      "max" : 173015040,
      "mean" : 1.27926272E8,
      "min" : 105381888,
      "p50" : 1.05381888E8,
      "p75" : 1.7301504E8,
      "p95" : 1.7301504E8,
      "p98" : 1.7301504E8,
      "p99" : 1.7301504E8,
      "p999" : 1.7301504E8,
      "values" : [ 105381888, 105381888, 105381888, 105381888, 105381888, 105381888, 105381888, 105381888, 173015040, 173015040, 173015040, 173015040 ],
      "stddev" : 3.330026207724736E7
    },
    "vm.memory.pools.PS-Old-Gen.committed.window.5m" : {
      "count" : 12,
      "max" : 173015040,
      "mean" : 1.27926272E8,
      "min" : 105381888,
      "p50" : 1.05381888E8,
      "p75" : 1.7301504E8,
      "p95" : 1.7301504E8,
      "p98" : 1.7301504E8,
      "p99" : 1.7301504E8,
      "p999" : 1.7301504E8,
      "values" : [ 105381888, 105381888, 105381888, 105381888, 105381888, 105381888, 105381888, 105381888, 173015040, 173015040, 173015040, 173015040 ],
      "stddev" : 3.330026207724736E7
    },
    "vm.memory.pools.PS-Old-Gen.usage.x100.history" : {
      "count" : 12,
      "max" : 9,
      "mean" : 8.184067742926356,
      "min" : 4,
      "p50" : 8.0,
      "p75" : 9.0,
      "p95" : 9.0,
      "p98" : 9.0,
      "p99" : 9.0,
      "p999" : 9.0,
      "values" : [ 4, 7, 7, 7, 7, 8, 8, 8, 8, 8, 9, 9 ],
      "stddev" : 0.8815677227494909
    },
    "vm.memory.pools.PS-Old-Gen.usage.x100.window.15m" : {
      "count" : 12,
      "max" : 9,
      "mean" : 7.5,
      "min" : 4,
      "p50" : 8.0,
      "p75" : 8.0,
      "p95" : 9.0,
      "p98" : 9.0,
      "p99" : 9.0,
      "p999" : 9.0,
      "values" : [ 4, 7, 7, 7, 7, 8, 8, 8, 8, 8, 9, 9 ],
      "stddev" : 1.3142574813455419
    },
    "vm.memory.pools.PS-Old-Gen.usage.x100.window.1h" : {
      "count" : 12,
      "max" : 9,
      "mean" : 7.5,
      "min" : 4,
      "p50" : 8.0,
      "p75" : 8.0,
      "p95" : 9.0,
      "p98" : 9.0,
      "p99" : 9.0,
      "p999" : 9.0,
      "values" : [ 4, 7, 7, 7, 7, 8, 8, 8, 8, 8, 9, 9 ],
      "stddev" : 1.3142574813455419
    },
    "vm.memory.pools.PS-Old-Gen.usage.x100.window.5m" : {
      "count" : 12,
      "max" : 9,
      "mean" : 7.5,
      "min" : 4,
      "p50" : 8.0,
      "p75" : 8.0,
      "p95" : 9.0,
      "p98" : 9.0,
      "p99" : 9.0,
      "p999" : 9.0,
      "values" : [ 4, 7, 7, 7, 7, 8, 8, 8, 8, 8, 9, 9 ],
      "stddev" : 1.3142574813455419
    },
    "vm.memory.pools.PS-Old-Gen.used.history" : {
      "count" : 12,
      "max" : 112953952,
      "mean" : 1.0090283676081342E8,
      "min" : 50068232,
      "p50" : 1.00068824E8,
      "p75" : 1.12953952E8,
      "p95" : 1.12953952E8,
      "p98" : 1.12953952E8,
      "p99" : 1.12953952E8,
      "p999" : 1.12953952E8,
      "values" : [ 50068232, 83148152, 83148152, 83148152, 83148152, 95234496, 95234496, 95234496, 100068824, 100068824, 112953952, 112953952 ],
      "stddev" : 1.2327083395913308E7
    },
    "vm.memory.pools.PS-Old-Gen.used.window.15m" : {
      "count" : 12,
      "max" : 112953952,
      "mean" : 9.120082333333333E7,
      "min" : 50068232,
      "p50" : 9.5234496E7,
      "p75" : 1.00068824E8,
      "p95" : 1.12953952E8,
      "p98" : 1.12953952E8,
      "p99" : 1.12953952E8,
      "p999" : 1.12953952E8,
      "values" : [ 50068232, 83148152, 83148152, 83148152, 83148152, 95234496, 95234496, 95234496, 100068824, 100068824, 112953952, 112953952 ],
      "stddev" : 1.6797629061529957E7
    },
    "vm.memory.pools.PS-Old-Gen.used.window.1h" : {
      "count" : 12,
      "max" : 112953952,
      "mean" : 9.120082333333333E7,
      "min" : 50068232,
      "p50" : 9.5234496E7,
      "p75" : 1.00068824E8,
      "p95" : 1.12953952E8,
      "p98" : 1.12953952E8,
      "p99" : 1.12953952E8,
      "p999" : 1.12953952E8,
      "values" : [ 50068232, 83148152, 83148152, 83148152, 83148152, 95234496, 95234496, 95234496, 100068824, 100068824, 112953952, 112953952 ],
      "stddev" : 1.6797629061529957E7
    },
    "vm.memory.pools.PS-Old-Gen.used.window.5m" : {
      "count" : 12,
      "max" : 112953952,
      "mean" : 9.120082333333333E7,
      "min" : 50068232,
      "p50" : 9.5234496E7,
      "p75" : 1.00068824E8,
      "p95" : 1.12953952E8,
      "p98" : 1.12953952E8,
      "p99" : 1.12953952E8,
      "p999" : 1.12953952E8,
      "values" : [ 50068232, 83148152, 83148152, 83148152, 83148152, 95234496, 95234496, 95234496, 100068824, 100068824, 112953952, 112953952 ],
      "stddev" : 1.6797629061529957E7
    },
    "vm.memory.pools.PS-Survivor-Space.committed.history" : {
      "count" : 12,
      "max" : 21495808,
      "mean" : 1.490175044164656E7,
      "min" : 6815744,
      "p50" : 1.7825792E7,
      "p75" : 1.9922944E7,
      "p95" : 1.9922944E7,
      "p98" : 1.9922944E7,
      "p99" : 2.1495808E7,
      "p999" : 2.1495808E7,
      "values" : [ 6815744, 6815744, 6815744, 6815744, 6815744, 6815744, 6815744, 17825792, 17825792, 19922944, 19922944, 21495808 ],
      "stddev" : 5941523.059576338
    },
    "vm.memory.pools.PS-Survivor-Space.committed.window.15m" : {
      "count" : 12,
      "max" : 21495808,
      "mean" : 1.2058624E7,
      "min" : 6815744,
      "p50" : 6815744.0,
      "p75" : 1.9398656E7,
      "p95" : 2.1495808E7,
      "p98" : 2.1495808E7,
      "p99" : 2.1495808E7,
      "p999" : 2.1495808E7,
      "values" : [ 6815744, 6815744, 6815744, 6815744, 6815744, 6815744, 6815744, 17825792, 17825792, 19922944, 19922944, 21495808 ],
      "stddev" : 6548355.021168599
    },
    "vm.memory.pools.PS-Survivor-Space.committed.window.1h" : {
      "count" : 12,
      "max" : 21495808,
      "mean" : 1.2058624E7,
      "min" : 6815744,
      "p50" : 6815744.0,
      "p75" : 1.9398656E7,
      "p95" : 2.1495808E7,
      "p98" : 2.1495808E7,
      "p99" : 2.1495808E7,
      "p999" : 2.1495808E7,
      "values" : [ 6815744, 6815744, 6815744, 6815744, 6815744, 6815744, 6815744, 17825792, 17825792, 19922944, 19922944, 21495808 ],
      "stddev" : 6548355.021168599
    },
    "vm.memory.pools.PS-Survivor-Space.committed.window.5m" : {
      "count" : 12,
      "max" : 21495808,
      "mean" : 1.2058624E7,
      "min" : 6815744,
      "p50" : 6815744.0,
      "p75" : 1.9398656E7,
      "p95" : 2.1495808E7,
      "p98" : 2.1495808E7,
      "p99" : 2.1495808E7,
      "p999" : 2.1495808E7,
      "values" : [ 6815744, 6815744, 6815744, 6815744, 6815744, 6815744, 6815744, 17825792, 17825792, 19922944, 19922944, 21495808 ],
      "stddev" : 6548355.021168599
    },
    "vm.memory.pools.PS-Survivor-Space.usage.x100.history" : {
      "count" : 12,
      "max" : 100,
      "mean" : 91.4203825823253,
      "min" : 12,
      "p50" : 100.0,
      "p75" : 100.0,
      "p95" : 100.0,
      "p98" : 100.0,
      "p99" : 100.0,
      "p999" : 100.0,
      "values" : [ 12, 47, 47, 47, 47, 100, 100, 100, 100, 100, 100, 100 ],
      "stddev" : 20.906981849561035
    },
    "vm.memory.pools.PS-Survivor-Space.usage.x100.window.15m" : {
      "count" : 12,
      "max" : 100,
      "mean" : 75.0,
      "min" : 12,
      "p50" : 100.0,
      "p75" : 100.0,
      "p95" : 100.0,
      "p98" : 100.0,
      "p99" : 100.0,
      "p999" : 100.0,
      "values" : [ 12, 47, 47, 47, 47, 100, 100, 100, 100, 100, 100, 100 ],
      "stddev" : 32.30536122126425
    },
    "vm.memory.pools.PS-Survivor-Space.usage.x100.window.1h" : {
      "count" : 12,
      "max" : 100,
      "mean" : 75.0,
      "min" : 12,
      "p50" : 100.0,
      "p75" : 100.0,
      "p95" : 100.0,
      "p98" : 100.0,
      "p99" : 100.0,
      "p999" : 100.0,
      "values" : [ 12, 47, 47, 47, 47, 100, 100, 100, 100, 100, 100, 100 ],
      "stddev" : 32.30536122126425
    },
    "vm.memory.pools.PS-Survivor-Space.usage.x100.window.5m" : {
      "count" : 12,
      "max" : 100,
      "mean" : 75.0,
      "min" : 12,
      "p50" : 100.0,
      "p75" : 100.0,
      "p95" : 100.0,
      "p98" : 100.0,
      "p99" : 100.0,
      "p999" : 100.0,
      "values" : [ 12, 47, 47, 47, 47, 100, 100, 100, 100, 100, 100, 100 ],
      "stddev" : 32.30536122126425
    },
    "vm.memory.pools.PS-Survivor-Space.used.history" : {
      "count" : 12,
      "max" : 19911536,
      "mean" : 1.4070998003412254E7,
      "min" : 2574848,
      "p50" : 1.7806744E7,
      "p75" : 1.9911536E7,
      "p95" : 1.9911536E7,
      "p98" : 1.9911536E7,
      "p99" : 1.9911536E7,
      "p999" : 1.9911536E7,
      "values" : [ 2574848, 3194960, 3194960, 3194960, 3194960, 6812032, 6812032, 6812032, 17806744, 17806744, 19911536, 19911536 ],
      "stddev" : 6779553.567240581
    },
    "vm.memory.pools.PS-Survivor-Space.used.window.15m" : {
      "count" : 12,
      "max" : 19911536,
      "mean" : 9268945.333333334,
      "min" : 2574848,
      "p50" : 6812032.0,
      "p75" : 1.7806744E7,
      "p95" : 1.9911536E7,
      "p98" : 1.9911536E7,
      "p99" : 1.9911536E7,
      "p999" : 1.9911536E7,
      "values" : [ 2574848, 3194960, 3194960, 3194960, 3194960, 6812032, 6812032, 6812032, 17806744, 17806744, 19911536, 19911536 ],
      "stddev" : 7278929.018065393
    },
    "vm.memory.pools.PS-Survivor-Space.used.window.1h" : {
      "count" : 12,
      "max" : 19911536,
      "mean" : 9268945.333333334,
      "min" : 2574848,
      "p50" : 6812032.0,
      "p75" : 1.7806744E7,
      "p95" : 1.9911536E7,
      "p98" : 1.9911536E7,
      "p99" : 1.9911536E7,
      "p999" : 1.9911536E7,
      "values" : [ 2574848, 3194960, 3194960, 3194960, 3194960, 6812032, 6812032, 6812032, 17806744, 17806744, 19911536, 19911536 ],
      "stddev" : 7278929.018065393
    },
    "vm.memory.pools.PS-Survivor-Space.used.window.5m" : {
      "count" : 12,
      "max" : 19911536,
      "mean" : 9268945.333333334,
      "min" : 2574848,
      "p50" : 6812032.0,
      "p75" : 1.7806744E7,
      "p95" : 1.9911536E7,
      "p98" : 1.9911536E7,
      "p99" : 1.9911536E7,
      "p999" : 1.9911536E7,
      "values" : [ 2574848, 3194960, 3194960, 3194960, 3194960, 6812032, 6812032, 6812032, 17806744, 17806744, 19911536, 19911536 ],
      "stddev" : 7278929.018065393
    },
    "vm.memory.total.committed.history" : {
      "count" : 12,
      "max" : 915996672,
      "mean" : 8.741719042991678E8,
      "min" : 796327936,
      "p50" : 9.03675904E8,
      "p75" : 9.05117696E8,
      "p95" : 9.15996672E8,
      "p98" : 9.15996672E8,
      "p99" : 9.15996672E8,
      "p999" : 9.15996672E8,
      "values" : [ 796327936, 814153728, 814153728, 814219264, 814284800, 815136768, 815136768, 818937856, 903675904, 905117696, 911212544, 915996672 ],
      "stddev" : 4.5164664612600096E7
    },
    "vm.memory.total.committed.window.15m" : {
      "count" : 12,
      "max" : 915996672,
      "mean" : 8.448628053333334E8,
      "min" : 796327936,
      "p50" : 8.15136768E8,
      "p75" : 9.04757248E8,
      "p95" : 9.15996672E8,
      "p98" : 9.15996672E8,
      "p99" : 9.15996672E8,
      "p999" : 9.15996672E8,
      "values" : [ 796327936, 814153728, 814153728, 814219264, 814284800, 815136768, 815136768, 818937856, 903675904, 905117696, 911212544, 915996672 ],
      "stddev" : 4.777513071128168E7
    },
    "vm.memory.total.committed.window.1h" : {
      "count" : 12,
      "max" : 915996672,
      "mean" : 8.448628053333334E8,
      "min" : 796327936,
      "p50" : 8.15136768E8,
      "p75" : 9.04757248E8,
      "p95" : 9.15996672E8,
      "p98" : 9.15996672E8,
      "p99" : 9.15996672E8,
      "p999" : 9.15996672E8,
      "values" : [ 796327936, 814153728, 814153728, 814219264, 814284800, 815136768, 815136768, 818937856, 903675904, 905117696, 911212544, 915996672 ],
      "stddev" : 4.777513071128168E7
    },
    "vm.memory.total.committed.window.5m" : {
      "count" : 12,
      "max" : 915996672,
      "mean" : 8.448628053333334E8,
      "min" : 796327936,
      "p50" : 8.15136768E8,
      "p75" : 9.04757248E8,
      "p95" : 9.15996672E8,
      "p98" : 9.15996672E8,
      "p99" : 9.15996672E8,
      "p999" : 9.15996672E8,
      "values" : [ 796327936, 814153728, 814153728, 814219264, 814284800, 815136768, 815136768, 818937856, 903675904, 905117696, 911212544, 915996672 ],
      "stddev" : 4.777513071128168E7
    },
    "vm.memory.total.used.history" : {
      "count" : 12,
      "max" : 654718480,
      "mean" : 4.8055364754942644E8,
      "min" : 295082320,
      "p50" : 4.98637704E8,
      "p75" : 5.5471648E8,
      "p95" : 6.5471848E8,
      "p98" : 6.5471848E8,
      "p99" : 6.5471848E8,
      "p999" : 6.5471848E8,
      "values" : [ 295082320, 365450392, 377922864, 453128480, 459952296, 498637704, 539612376, 554716480, 593743784, 608819480, 626594632, 654718480 ],
      "stddev" : 1.0867136474731357E8
    },
    "vm.memory.total.used.window.15m" : {
      "count" : 12,
      "max" : 654718480,
      "mean" : 5.023649406666667E8,
      "min" : 295082320,
      "p50" : 5.1912504E8,
      "p75" : 6.05050556E8,
      "p95" : 6.5471848E8,
      "p98" : 6.5471848E8,
      "p99" : 6.5471848E8,
      "p999" : 6.5471848E8,
      "values" : [ 295082320, 365450392, 377922864, 453128480, 459952296, 498637704, 539612376, 554716480, 593743784, 608819480, 626594632, 654718480 ],
      "stddev" : 1.1437172127885959E8
    },
    "vm.memory.total.used.window.1h" : {
      "count" : 12,
      "max" : 654718480,
      "mean" : 5.023649406666667E8,
      "min" : 295082320,
      "p50" : 5.1912504E8,
      "p75" : 6.05050556E8,
      "p95" : 6.5471848E8,
      "p98" : 6.5471848E8,
      "p99" : 6.5471848E8,
      "p999" : 6.5471848E8,
      "values" : [ 295082320, 365450392, 377922864, 453128480, 459952296, 498637704, 539612376, 554716480, 593743784, 608819480, 626594632, 654718480 ],
      "stddev" : 1.1437172127885959E8
    },
    "vm.memory.total.used.window.5m" : {
      "count" : 12,
      "max" : 654718480,
      "mean" : 5.023649406666667E8,
      "min" : 295082320,
      "p50" : 5.1912504E8,
      "p75" : 6.05050556E8,
      "p95" : 6.5471848E8,
      "p98" : 6.5471848E8,
      "p99" : 6.5471848E8,
      "p999" : 6.5471848E8,
      "values" : [ 295082320, 365450392, 377922864, 453128480, 459952296, 498637704, 539612376, 554716480, 593743784, 608819480, 626594632, 654718480 ],
      "stddev" : 1.1437172127885959E8
    }
  },
  "meters" : {
    "http.responseCodes.badRequest" : {
      "count" : 0,
      "m15_rate" : 0.0,
      "m1_rate" : 0.0,
      "m5_rate" : 0.0,
      "mean_rate" : 0.0,
      "units" : "events/minute"
    },
    "http.responseCodes.created" : {
      "count" : 0,
      "m15_rate" : 0.0,
      "m1_rate" : 0.0,
      "m5_rate" : 0.0,
      "mean_rate" : 0.0,
      "units" : "events/minute"
    },
    "http.responseCodes.forbidden" : {
      "count" : 0,
      "m15_rate" : 0.0,
      "m1_rate" : 0.0,
      "m5_rate" : 0.0,
      "mean_rate" : 0.0,
      "units" : "events/minute"
    },
    "http.responseCodes.noContent" : {
      "count" : 0,
      "m15_rate" : 0.0,
      "m1_rate" : 0.0,
      "m5_rate" : 0.0,
      "mean_rate" : 0.0,
      "units" : "events/minute"
    },
    "http.responseCodes.notFound" : {
      "count" : 0,
      "m15_rate" : 0.0,
      "m1_rate" : 0.0,
      "m5_rate" : 0.0,
      "mean_rate" : 0.0,
      "units" : "events/minute"
    },
    "http.responseCodes.notModified" : {
      "count" : 3,
      "m15_rate" : 0.1939815588363304,
      "m1_rate" : 1.897558937561171,
      "m5_rate" : 0.5474518773610922,
      "mean_rate" : 0.9268143463300356,
      "units" : "events/minute"
    },
    "http.responseCodes.ok" : {
      "count" : 210,
      "m15_rate" : 12.989700047526977,
      "m1_rate" : 88.55604971903365,
      "m5_rate" : 34.326579383568536,
      "mean_rate" : 64.87701718819737,
      "units" : "events/minute"
    },
    "http.responseCodes.other" : {
      "count" : 0,
      "m15_rate" : 0.0,
      "m1_rate" : 0.0,
      "m5_rate" : 0.0,
      "mean_rate" : 0.0,
      "units" : "events/minute"
    },
    "http.responseCodes.serverError" : {
      "count" : 0,
      "m15_rate" : 0.0,
      "m1_rate" : 0.0,
      "m5_rate" : 0.0,
      "mean_rate" : 0.0,
      "units" : "events/minute"
    },
    "http.responseCodes.serviceUnavailable" : {
      "count" : 1,
      "m15_rate" : 0.06394604604234361,
      "m1_rate" : 0.5354163208494602,
      "m5_rate" : 0.1765014233409163,
      "mean_rate" : 0.3089380799354614,
      "units" : "events/minute"
    },
    "jenkins.job.scheduled" : {
      "count" : 0,
      "m15_rate" : 0.0,
      "m1_rate" : 0.0,
      "m5_rate" : 0.0,
      "mean_rate" : 0.0,
      "units" : "events/minute"
    },
    "jenkins.runs.aborted" : {
      "count" : 0,
      "m15_rate" : 0.0,
      "m1_rate" : 0.0,
      "m5_rate" : 0.0,
      "mean_rate" : 0.0,
      "units" : "events/minute"
    },
    "jenkins.runs.failure" : {
      "count" : 0,
      "m15_rate" : 0.0,
      "m1_rate" : 0.0,
      "m5_rate" : 0.0,
      "mean_rate" : 0.0,
      "units" : "events/minute"
    },
    "jenkins.runs.not_built" : {
      "count" : 0,
      "m15_rate" : 0.0,
      "m1_rate" : 0.0,
      "m5_rate" : 0.0,
      "mean_rate" : 0.0,
      "units" : "events/minute"
    },
    "jenkins.runs.success" : {
      "count" : 0,
      "m15_rate" : 0.0,
      "m1_rate" : 0.0,
      "m5_rate" : 0.0,
      "mean_rate" : 0.0,
      "units" : "events/minute"
    },
    "jenkins.runs.total" : {
      "count" : 0,
      "m15_rate" : 0.0,
      "m1_rate" : 0.0,
      "m5_rate" : 0.0,
      "mean_rate" : 0.0,
      "units" : "events/minute"
    },
    "jenkins.runs.unstable" : {
      "count" : 0,
      "m15_rate" : 0.0,
      "m1_rate" : 0.0,
      "m5_rate" : 0.0,
      "mean_rate" : 0.0,
      "units" : "events/minute"
    },
    "jenkins.task.scheduled" : {
      "count" : 0,
      "m15_rate" : 0.0,
      "m1_rate" : 0.0,
      "m5_rate" : 0.0,
      "mean_rate" : 0.0,
      "units" : "events/minute"
    },
    "totalLoggingOutputMeter" : {
      "count" : 126,
      "m15_rate" : 1090.7314817862273,
      "m1_rate" : 445.61530815424015,
      "m5_rate" : 958.043945629581,
      "mean_rate" : 109.23468238014068,
      "units" : "events/minute"
    },
    "unrestrictedApiCallsMeter" : {
      "count" : 0,
      "m15_rate" : 0.0,
      "m1_rate" : 0.0,
      "m5_rate" : 0.0,
      "mean_rate" : 0.0,
      "units" : "events/minute"
    }
  },
  "timers" : {
    "http.requests" : {
      "count" : 214,
      "max" : 2.261916852,
      "mean" : 0.05278077950593402,
      "min" : 1.8301000000000002E-4,
      "p50" : 0.005838152,
      "p75" : 0.024585626000000003,
      "p95" : 0.158961925,
      "p98" : 0.33045650600000004,
      "p99" : 1.3053494270000001,
      "p999" : 2.261916852,
      "values" : [ 1.8301000000000002E-4, 4.0547600000000005E-4, 8.89173E-4, 9.077410000000001E-4, 0.001028587, 0.0010402480000000001, 0.001079644, 0.0010798210000000001, 0.001083795, 0.001101805, 0.001153748, 0.001233382, 0.001259268, 0.0012688220000000002, 0.001270138, 0.001275476, 0.001286344, 0.001309637, 0.001325023, 0.0013531020000000001, 0.001375612, 0.001430402, 0.0015777410000000001, 0.0015963160000000002, 0.0016325740000000001, 0.0016489380000000002, 0.0016531990000000002, 0.0018527900000000002, 0.001936687, 0.0019853880000000003, 0.002046622, 0.0021266740000000003, 0.002131533, 0.00214596, 0.0022179770000000003, 0.002265847, 0.002290789, 0.0023130480000000003, 0.00234408, 0.002381132, 0.002401711, 0.002410473, 0.002437345, 0.0024478010000000003, 0.0024899730000000004, 0.002507608, 0.0025115980000000003, 0.002521329, 0.0025303450000000003, 0.002562188, 0.002563222, 0.0025639210000000003, 0.002566384, 0.002615202, 0.0026155220000000003, 0.002645666, 0.002667019, 0.002669912, 0.002718718, 0.00277846, 0.00280028, 0.002810195, 0.002822924, 0.0028367270000000003, 0.0028948850000000003, 0.002960335, 0.0029832300000000003, 0.003080746, 0.003090966, 0.003153795, 0.003275917, 0.003281066, 0.003289141, 0.003346299, 0.003392462, 0.0034756450000000003, 0.0036007120000000003, 0.0036081710000000003, 0.003622408, 0.003635835, 0.0036424430000000004, 0.0037866, 0.0038529230000000003, 0.0039017870000000003, 0.004092362, 0.004305128, 0.004427047, 0.004479683, 0.004516261000000001, 0.00500814, 0.0050972510000000006, 0.005104784, 0.0051468980000000004, 0.00527951, 0.005405027000000001, 0.005446706, 0.005532731, 0.005582594000000001, 0.0056208790000000005, 0.005759904000000001, 0.005768073, 0.005838152, 0.006070174, 0.006092699, 0.006289935, 0.006379078000000001, 0.006427176000000001, 0.0064920920000000005, 0.0065883700000000005, 0.006680509, 0.006744713, 0.007311799000000001, 0.007379883, 0.007500878000000001, 0.0075546300000000005, 0.007714174000000001, 0.007806006000000001, 0.007810198000000001, 0.007984396000000001, 0.008090891000000001, 0.008338291000000001, 0.008679938, 0.008727255, 0.009297971, 0.009783323, 0.00984021, 0.010042882000000001, 0.010514589000000001, 0.010743517000000001, 0.010774859000000001, 0.010923163000000001, 0.010939199, 0.011163058, 0.011421903, 0.011661618, 0.011749106, 0.012243994000000001, 0.012494136000000001, 0.012783979000000001, 0.012895317000000002, 0.013210000000000001, 0.013683738, 0.014581197, 0.016037392, 0.017661724, 0.018610503, 0.019044893, 0.019426637, 0.020437241000000002, 0.020573085, 0.022010694, 0.023215755, 0.023804486000000003, 0.02418125, 0.024585626000000003, 0.025752352000000003, 0.026414825000000003, 0.026720079, 0.026954541000000002, 0.028069397000000003, 0.028156837, 0.028623286, 0.029733587000000002, 0.030176624000000003, 0.0321892, 0.032530871, 0.033646035000000005, 0.035254328, 0.036202540000000005, 0.037658286, 0.037696041, 0.038217970000000004, 0.038411211, 0.039014200000000006, 0.040534464, 0.040547423, 0.043114417, 0.043597295, 0.044149388000000005, 0.045979135000000004, 0.060005015, 0.060560623, 0.06373593300000001, 0.071921727, 0.07633630200000001, 0.07634307900000001, 0.079209628, 0.07970155300000001, 0.08460521800000001, 0.08461359, 0.08476956000000001, 0.085040637, 0.095766794, 0.098637156, 0.099688518, 0.102685416, 0.11499775000000001, 0.124224155, 0.130449811, 0.140481931, 0.152166243, 0.158961925, 0.166014414, 0.17568987400000002, 0.18962699800000002, 0.193250526, 0.21121635700000002, 0.21976772700000002, 0.306816894, 0.33045650600000004, 0.8723196390000001, 1.3053494270000001, 1.589997399, 2.261916852 ],
      "stddev" : 0.22159150836569497,
      "m15_rate" : 13.24727923717261,
      "m1_rate" : 90.95568488557835,
      "m5_rate" : 35.04775765132587,
      "mean_rate" : 66.11258030630832,
      "duration_units" : "seconds",
      "rate_units" : "calls/minute"
    },
    "jenkins.health-check.duration" : {
      "count" : 3,
      "max" : 0.007089734,
      "mean" : 0.002396756643568305,
      "min" : 0.00155627,
      "p50" : 0.00155627,
      "p75" : 0.0025559980000000003,
      "p95" : 0.007089734,
      "p98" : 0.007089734,
      "p99" : 0.007089734,
      "p999" : 0.007089734,
      "values" : [ 0.00155627, 0.0025559980000000003, 0.007089734 ],
      "stddev" : 0.0016649432526169418,
      "m15_rate" : 0.17774592469510564,
      "m1_rate" : 0.6812871740275845,
      "m5_rate" : 0.4249183530023824,
      "mean_rate" : 0.9678859121246588,
      "duration_units" : "seconds",
      "rate_units" : "calls/minute"
    },
    "jenkins.job.blocked.duration" : {
      "count" : 0,
      "max" : 0.0,
      "mean" : 0.0,
      "min" : 0.0,
      "p50" : 0.0,
      "p75" : 0.0,
      "p95" : 0.0,
      "p98" : 0.0,
      "p99" : 0.0,
      "p999" : 0.0,
      "values" : [ ],
      "stddev" : 0.0,
      "m15_rate" : 0.0,
      "m1_rate" : 0.0,
      "m5_rate" : 0.0,
      "mean_rate" : 0.0,
      "duration_units" : "seconds",
      "rate_units" : "calls/minute"
    },
    "jenkins.job.buildable.duration" : {
      "count" : 0,
      "max" : 0.0,
      "mean" : 0.0,
      "min" : 0.0,
      "p50" : 0.0,
      "p75" : 0.0,
      "p95" : 0.0,
      "p98" : 0.0,
      "p99" : 0.0,
      "p999" : 0.0,
      "values" : [ ],
      "stddev" : 0.0,
      "m15_rate" : 0.0,
      "m1_rate" : 0.0,
      "m5_rate" : 0.0,
      "mean_rate" : 0.0,
      "duration_units" : "seconds",
      "rate_units" : "calls/minute"
    },
    "jenkins.job.building.duration" : {
      "count" : 0,
      "max" : 0.0,
      "mean" : 0.0,
      "min" : 0.0,
      "p50" : 0.0,
      "p75" : 0.0,
      "p95" : 0.0,
      "p98" : 0.0,
      "p99" : 0.0,
      "p999" : 0.0,
      "values" : [ ],
      "stddev" : 0.0,
      "m15_rate" : 0.0,
      "m1_rate" : 0.0,
      "m5_rate" : 0.0,
      "mean_rate" : 0.0,
      "duration_units" : "seconds",
      "rate_units" : "calls/minute"
    },
    "jenkins.job.execution.time" : {
      "count" : 0,
      "max" : 0.0,
      "mean" : 0.0,
      "min" : 0.0,
      "p50" : 0.0,
      "p75" : 0.0,
      "p95" : 0.0,
      "p98" : 0.0,
      "p99" : 0.0,
      "p999" : 0.0,
      "values" : [ ],
      "stddev" : 0.0,
      "m15_rate" : 0.0,
      "m1_rate" : 0.0,
      "m5_rate" : 0.0,
      "mean_rate" : 0.0,
      "duration_units" : "seconds",
      "rate_units" : "calls/minute"
    },
    "jenkins.job.queuing.duration" : {
      "count" : 0,
      "max" : 0.0,
      "mean" : 0.0,
      "min" : 0.0,
      "p50" : 0.0,
      "p75" : 0.0,
      "p95" : 0.0,
      "p98" : 0.0,
      "p99" : 0.0,
      "p999" : 0.0,
      "values" : [ ],
      "stddev" : 0.0,
      "m15_rate" : 0.0,
      "m1_rate" : 0.0,
      "m5_rate" : 0.0,
      "mean_rate" : 0.0,
      "duration_units" : "seconds",
      "rate_units" : "calls/minute"
    },
    "jenkins.job.total.duration" : {
      "count" : 0,
      "max" : 0.0,
      "mean" : 0.0,
      "min" : 0.0,
      "p50" : 0.0,
      "p75" : 0.0,
      "p95" : 0.0,
      "p98" : 0.0,
      "p99" : 0.0,
      "p999" : 0.0,
      "values" : [ ],
      "stddev" : 0.0,
      "m15_rate" : 0.0,
      "m1_rate" : 0.0,
      "m5_rate" : 0.0,
      "mean_rate" : 0.0,
      "duration_units" : "seconds",
      "rate_units" : "calls/minute"
    },
    "jenkins.job.waiting.duration" : {
      "count" : 0,
      "max" : 0.0,
      "mean" : 0.0,
      "min" : 0.0,
      "p50" : 0.0,
      "p75" : 0.0,
      "p95" : 0.0,
      "p98" : 0.0,
      "p99" : 0.0,
      "p999" : 0.0,
      "values" : [ ],
      "stddev" : 0.0,
      "m15_rate" : 0.0,
      "m1_rate" : 0.0,
      "m5_rate" : 0.0,
      "mean_rate" : 0.0,
      "duration_units" : "seconds",
      "rate_units" : "calls/minute"
    },
    "jenkins.task.blocked.duration" : {
      "count" : 0,
      "max" : 0.0,
      "mean" : 0.0,
      "min" : 0.0,
      "p50" : 0.0,
      "p75" : 0.0,
      "p95" : 0.0,
      "p98" : 0.0,
      "p99" : 0.0,
      "p999" : 0.0,
      "values" : [ ],
      "stddev" : 0.0,
      "m15_rate" : 0.0,
      "m1_rate" : 0.0,
      "m5_rate" : 0.0,
      "mean_rate" : 0.0,
      "duration_units" : "seconds",
      "rate_units" : "calls/minute"
    },
    "jenkins.task.buildable.duration" : {
      "count" : 0,
      "max" : 0.0,
      "mean" : 0.0,
      "min" : 0.0,
      "p50" : 0.0,
      "p75" : 0.0,
      "p95" : 0.0,
      "p98" : 0.0,
      "p99" : 0.0,
      "p999" : 0.0,
      "values" : [ ],
      "stddev" : 0.0,
      "m15_rate" : 0.0,
      "m1_rate" : 0.0,
      "m5_rate" : 0.0,
      "mean_rate" : 0.0,
      "duration_units" : "seconds",
      "rate_units" : "calls/minute"
    },
    "jenkins.task.execution.duration" : {
      "count" : 0,
      "max" : 0.0,
      "mean" : 0.0,
      "min" : 0.0,
      "p50" : 0.0,
      "p75" : 0.0,
      "p95" : 0.0,
      "p98" : 0.0,
      "p99" : 0.0,
      "p999" : 0.0,
      "values" : [ ],
      "stddev" : 0.0,
      "m15_rate" : 0.0,
      "m1_rate" : 0.0,
      "m5_rate" : 0.0,
      "mean_rate" : 0.0,
      "duration_units" : "seconds",
      "rate_units" : "calls/minute"
    },
    "jenkins.task.queuing.duration" : {
      "count" : 0,
      "max" : 0.0,
      "mean" : 0.0,
      "min" : 0.0,
      "p50" : 0.0,
      "p75" : 0.0,
      "p95" : 0.0,
      "p98" : 0.0,
      "p99" : 0.0,
      "p999" : 0.0,
      "values" : [ ],
      "stddev" : 0.0,
      "m15_rate" : 0.0,
      "m1_rate" : 0.0,
      "m5_rate" : 0.0,
      "mean_rate" : 0.0,
      "duration_units" : "seconds",
      "rate_units" : "calls/minute"
    },
    "jenkins.task.waiting.duration" : {
      "count" : 0,
      "max" : 0.0,
      "mean" : 0.0,
      "min" : 0.0,
      "p50" : 0.0,
      "p75" : 0.0,
      "p95" : 0.0,
      "p98" : 0.0,
      "p99" : 0.0,
      "p999" : 0.0,
      "values" : [ ],
      "stddev" : 0.0,
      "m15_rate" : 0.0,
      "m1_rate" : 0.0,
      "m5_rate" : 0.0,
      "mean_rate" : 0.0,
      "duration_units" : "seconds",
      "rate_units" : "calls/minute"
    }
  }
}