<com.infradna.hudson.plugins.backup.store.DAVStore_-DescriptorImpl plugin="infradna-backup@3.38.49">
  <migratedCredentials>true</migratedCredentials>
  <j class="hudson.model.Hudson">
    <disabledAdministrativeMonitors/>
    <version>2.332.3.4</version>
    <numExecutors>2</numExecutors>
    <mode>NORMAL</mode>
    <useSecurity>true</useSecurity>
    <authorizationStrategy class="hudson.security.FullControlOnceLoggedInAuthorizationStrategy">
      <denyAnonymousReadAccess>true</denyAnonymousReadAccess>
    </authorizationStrategy>
    <securityRealm class="hudson.security.HudsonPrivateSecurityRealm">
      <disableSignup>true</disableSignup>
      <enableCaptcha>false</enableCaptcha>
    </securityRealm>
    <disableRememberMe>false</disableRememberMe>
    <projectNamingStrategy class="jenkins.model.ProjectNamingStrategy$DefaultProjectNamingStrategy"/>
    <workspaceDir>${JENKINS_HOME}/workspace/${ITEM_FULL_NAME}</workspaceDir>
    <buildsDir>${ITEM_ROOTDIR}/builds</buildsDir>
    <jdks/>
    <viewsTabBar class="hudson.views.DefaultViewsTabBar"/>
    <myViewsTabBar class="hudson.views.DefaultMyViewsTabBar"/>
    <clouds/>
    <scmCheckoutRetryCount>0</scmCheckoutRetryCount>
    <views>
      <hudson.model.AllView>
        <owner class="hudson.model.Hudson" reference="../../.."/>
        <name>all</name>
        <filterExecutors>false</filterExecutors>
        <filterQueue>false</filterQueue>
        <properties class="hudson.model.View$PropertyList"/>
      </hudson.model.AllView>
    </views>
    <primaryView>all</primaryView>
    <slaveAgentPort>-1</slaveAgentPort>
    <label/>
    <crumbIssuer class="hudson.security.csrf.DefaultCrumbIssuer">
      <excludeClientIPFromCrumb>false</excludeClientIPFromCrumb>
    </crumbIssuer>
    <nodeProperties/>
    <globalNodeProperties/>
    <noUsageStatistics>true</noUsageStatistics>
    <nodeRenameMigrationNeeded>false</nodeRenameMigrationNeeded>
  </j>
</com.infradna.hudson.plugins.backup.store.DAVStore_-DescriptorImpl>