<hudson.plugins.emailext.ExtendedEmailPublisherDescriptor plugin="email-ext@2.87">
  <mailAccount>
    <smtpPort>25</smtpPort>
    <useSsl>false</useSsl>
    <useTls>false</useTls>
    <advProperties/>
    <defaultAccount>true</defaultAccount>
  </mailAccount>
  <addAccounts/>
  <charset>UTF-8</charset>
  <defaultContentType>text/plain</defaultContentType>
  <defaultSubject>$PROJECT_NAME - Build # $BUILD_NUMBER - $BUILD_STATUS!</defaultSubject>
  <defaultBody>$PROJECT_NAME - Build # $BUILD_NUMBER - $BUILD_STATUS:

Check console output at $BUILD_URL to view the results.</defaultBody>
  <defaultPresendScript/>
  <defaultPostsendScript/>
  <defaultClasspath/>
  <defaultTriggerIds>
    <string>hudson.plugins.emailext.plugins.trigger.FailureTrigger</string>
  </defaultTriggerIds>
  <emergencyReroute/>
  <maxAttachmentSize>-1</maxAttachmentSize>
  <recipientList/>
  <defaultReplyTo/>
  <allowedDomains/>
  <excludedCommitters/>
  <listId/>
  <precedenceBulk>false</precedenceBulk>
  <debugMode>false</debugMode>
  <requireAdminForTemplateTesting>false</requireAdminForTemplateTesting>
  <enableWatching>false</enableWatching>
  <enableAllowUnregistered>false</enableAllowUnregistered>
</hudson.plugins.emailext.ExtendedEmailPublisherDescriptor>