<hudson.plugins.git.GitSCM_-DescriptorImpl plugin="git@4.11.2">
  <globalConfigName/>
  <globalConfigEmail/>
  <createAccountBasedOnEmail>false</createAccountBasedOnEmail>
  <useExistingAccountWithSameEmail>false</useExistingAccountWithSameEmail>
  <showEntireCommitSummaryInChanges>false</showEntireCommitSummaryInChanges>
  <hideCredentials>false</hideCredentials>
  <allowSecondFetch>false</allowSecondFetch>
  <disableGitToolChooser>false</disableGitToolChooser>
  <addGitTagAction>false</addGitTagAction>
</hudson.plugins.git.GitSCM_-DescriptorImpl>