<nectar.plugins.rbac.strategy.RoleMatrixAuthorizationPlugin plugin="nectar-rbac@5.69">
  <lastModified>0</lastModified>
  <configuration class="nectar.plugins.rbac.strategy.DefaultRoleMatrixAuthorizationConfig" dangerous-permissions-migrated="true">
    <role name="anonymous" filterable="true"/>
    <role name="authenticated" filterable="true">
      <permission id="hudson.model.View.Delete"/>
      <permission id="hudson.model.Computer.Connect"/>
      <permission id="hudson.model.Run.Delete"/>
      <permission id="hudson.model.Computer.Create"/>
      <permission id="com.cloudbees.plugins.credentials.CredentialsProvider.ManageDomains"/>
      <permission id="hudson.model.View.Configure"/>
      <permission id="hudson.model.Item.Promote"/>
      <permission id="jenkins.metrics.api.Metrics.View"/>
      <permission id="com.cloudbees.jenkins.support.SupportPlugin.DownloadBundle"/>
      <permission id="hudson.model.Computer.Build"/>
      <permission id="nectar.plugins.rbac.groups.Group.Manage"/>
      <permission id="hudson.model.Item.Configure"/>
      <permission id="hudson.model.Hudson.Administer"/>
      <permission id="hudson.model.Item.Read"/>
      <permission id="hudson.model.Item.Cancel"/>
      <permission id="com.cloudbees.plugins.credentials.CredentialsProvider.View"/>
      <permission id="hudson.model.Computer.Delete"/>
      <permission id="jenkins.metrics.api.Metrics.HealthCheck"/>
      <permission id="hudson.model.Item.Build"/>
      <permission id="nectar.plugins.rbac.groups.Group.Create"/>
      <permission id="hudson.scm.SCM.Tag"/>
      <permission id="hudson.model.Item.Move"/>
      <permission id="hudson.model.Item.Discover"/>
      <permission id="hudson.model.Hudson.Read"/>
      <permission id="com.cloudbees.plugins.credentials.CredentialsProvider.Update"/>
      <permission id="nectar.plugins.rbac.roles.Role.View"/>
      <permission id="hudson.model.Item.Create"/>
      <permission id="hudson.model.Item.Workspace"/>
      <permission id="com.cloudbees.plugins.credentials.CredentialsProvider.Delete"/>
      <permission id="hudson.model.Computer.Provision"/>
      <permission id="nectar.plugins.rbac.groups.Group.Configure"/>
      <permission id="jenkins.metrics.api.Metrics.ThreadDump"/>
      <permission id="nectar.plugins.rbac.groups.Group.Delete"/>
      <permission id="hudson.model.View.Read"/>
      <permission id="hudson.model.View.Create"/>
      <permission id="hudson.model.Item.Delete"/>
      <permission id="hudson.model.Computer.Secure"/>
      <permission id="hudson.model.Computer.Configure"/>
      <permission id="com.cloudbees.plugins.credentials.CredentialsProvider.Create"/>
      <permission id="hudson.model.Computer.Disconnect"/>
      <permission id="nectar.plugins.rbac.roles.Role.Filter"/>
      <permission id="hudson.model.Item.Request"/>
      <permission id="nectar.plugins.rbac.groups.Group.View"/>
      <permission id="hudson.model.Run.Update"/>
    </role>
  </configuration>
</nectar.plugins.rbac.strategy.RoleMatrixAuthorizationPlugin>