<org.conjur.jenkins.configuration.GlobalConjurConfiguration plugin="conjur-credentials@1.0.12">
  <conjurConfiguration>
    <applianceURL>https://conjur-master-minikube</applianceURL>
    <account>dev</account>
    <credentialID/>
    <certificateCredentialID/>
  </conjurConfiguration>
  <enableJWKS>true</enableJWKS>
  <authWebServiceId>cbjenkins</authWebServiceId>
  <jwtAudience/>
  <keyLifetimeInMinutes>60</keyLifetimeInMinutes>
  <tokenDurarionInSeconds>120</tokenDurarionInSeconds>
  <enableContextAwareCredentialStore>true</enableContextAwareCredentialStore>
  <identityFormatFieldsFromToken>jenkins_full_name</identityFormatFieldsFromToken>
  <identityFieldsSeparator>-</identityFieldsSeparator>
  <identityFieldName>identity</identityFieldName>
</org.conjur.jenkins.configuration.GlobalConjurConfiguration>